Wnorm,WLN,gamma,r,nmean,Ndim,xbound,xcount,ybound,ycount,time1,time2,nmeanbins
0.9999994766884334,0.01804114236810643,0.10126582278481013,0.07692307692307693,0.05300799280030217,150,"[-4, 5]",200,"[-4, 6]",200,2.391382932662964,4.929339647293091,"(-0.05, 0.0533]"
0.9999984735181129,0.09039795599210236,0.13728813559322034,0.17203389830508475,0.1564770013921319,150,"[-4, 5]",200,"[-4, 8]",200,1.1734468936920166,4.907113790512085,"(0.0533, 0.157]"
0.9999989909093084,0.15491956181852298,0.14745762711864407,0.2457627118644068,0.25775417245405624,150,"[-5, 6]",200,"[-4, 9]",200,1.193115472793579,5.002617359161377,"(0.157, 0.26]"
0.9999987715486364,0.21483012955410025,0.17721518987341772,0.2564102564102564,0.3628007292429079,150,"[-5, 6]",200,"[-4, 11]",200,2.319071054458618,4.898172616958618,"(0.26, 0.363]"
0.999997792245346,0.26473957786388397,0.16455696202531644,0.3333333333333333,0.46199699300253794,150,"[-5, 6]",200,"[-4, 11]",200,2.3218681812286377,4.937593698501587,"(0.363, 0.467]"
0.9999983659507216,0.3122463012412989,0.1576271186440678,0.3932203389830508,0.5669876931058271,150,"[-6, 7]",200,"[-4, 12]",200,2.3408758640289307,4.931819677352905,"(0.467, 0.57]"
0.9999962058605866,0.3547208227217323,0.15254237288135591,0.4423728813559322,0.6696186652589416,150,"[-7, 8]",200,"[-4, 12]",200,1.2285535335540771,4.9444663524627686,"(0.57, 0.673]"
0.9999957165076916,0.3935318894849333,0.16779661016949152,0.4423728813559322,0.7663847751359504,150,"[-9, 10]",200,"[-10, 13]",200,8.216222047805786,4.926559925079347,"(0.673, 0.777]"
0.9999962732689744,0.4320700284507011,0.13728813559322034,0.5406779661016949,0.8750295408826921,150,"[-10, 11]",200,"[-10, 13]",200,8.215611457824707,4.924803972244263,"(0.777, 0.88]"
0.9999963764540112,0.4686813772784144,0.17288135593220338,0.4915254237288135,0.9821425910481508,150,"[-10, 11]",200,"[-10, 15]",200,1.1766915321350098,4.938801050186157,"(0.88, 0.983]"
0.9999938398740216,0.5023707437279725,0.13924050632911392,0.5897435897435898,1.0822871647482482,150,"[-10, 11]",200,"[-10, 14]",200,2.296773195266724,4.885242938995361,"(0.983, 1.087]"
0.9999960982814344,0.5299557346583099,0.13728813559322034,0.6144067796610169,1.170178462185824,150,"[-10, 11]",200,"[-10, 15]",200,1.173266887664795,4.988064527511597,"(1.087, 1.19]"
0.9999963658085436,0.5650402891750383,0.13728813559322034,0.6389830508474575,1.2863738271163907,150,"[-11, 12]",200,"[-10, 16]",200,2.3676109313964844,4.965312004089356,"(1.19, 1.293]"
0.9999917450360041,0.5914249377680757,0.16779661016949152,0.5898305084745763,1.3954676162541022,150,"[-11, 12]",200,"[-10, 17]",200,2.359583616256714,4.920491933822632,"(1.293, 1.396]"
0.999986974246424,0.6198924946621369,0.16455696202531644,0.6153846153846154,1.4997417174151415,150,"[-11, 12]",200,"[-10, 16]",200,2.30754828453064,4.882491588592528,"(1.396, 1.5]"
0.9999941496279414,0.643733627737407,0.11186440677966103,0.7618644067796608,1.591034149118475,150,"[-11, 12]",200,"[-10, 16]",200,2.3491311073303223,5.009589672088623,"(1.5, 1.603]"
0.9999833478245562,0.6743775249963184,0.14745762711864407,0.688135593220339,1.7030587203725516,150,"[-11, 12]",200,"[-10, 17]",200,1.18894362449646,4.9608330726623535,"(1.603, 1.706]"
0.999975729888448,0.6955280686191463,0.1518987341772152,0.6923076923076923,1.8012996341561225,150,"[-11, 12]",200,"[-10, 17]",200,2.298443078994751,4.871338844299316,"(1.706, 1.81]"
0.99998516811033,0.7188829895983294,0.11186440677966103,0.8110169491525423,1.8971548276567092,150,"[-11, 12]",200,"[-10, 17]",200,2.35639762878418,4.959060192108153,"(1.81, 1.913]"
0.9999767790752924,0.7447805422155571,0.1139240506329114,0.8205128205128205,2.0038237692607312,150,"[-11, 12]",200,"[-10, 16]",200,1.1469573974609375,4.898198127746582,"(1.913, 2.016]"
0.999968970061254,0.7673142380316909,0.12203389830508475,0.8110169491525423,2.1018705212105124,150,"[-11, 12]",200,"[-10, 17]",200,1.233020544052124,5.039231777191162,"(2.016, 2.12]"
0.9999552389675641,0.7872133427881878,0.1271186440677966,0.8110169491525423,2.2105982068765315,150,"[-11, 12]",200,"[-10, 17]",200,1.1819982528686523,4.943381786346436,"(2.12, 2.223]"
0.9999423213051006,0.8094484365389949,0.13220338983050847,0.8110169491525423,2.323509700377166,150,"[-12, 13]",200,"[-10, 17]",200,2.3627405166625977,4.9472999572753915,"(2.223, 2.326]"
0.9999326894743512,0.8286749892448297,0.1271186440677966,0.8355932203389831,2.414753208969959,150,"[-12, 13]",200,"[-10, 17]",200,1.19153094291687,4.92500114440918,"(2.326, 2.43]"
0.9999291254540896,0.848273030193647,0.12203389830508475,0.8601694915254237,2.504928503256191,150,"[-12, 13]",200,"[-10, 17]",200,1.2410726547241209,4.952290296554565,"(2.43, 2.533]"
0.9999196169724672,0.8714888838554883,0.1139240506329114,0.8974358974358974,2.6274672698453525,150,"[-12, 13]",200,"[-10, 17]",200,1.1632990837097168,4.905353784561157,"(2.533, 2.636]"
0.9998957278924704,0.8902971623944422,0.12203389830508475,0.8847457627118644,2.7323891807007845,150,"[-12, 13]",200,"[-10, 17]",200,1.238805055618286,4.97536301612854,"(2.636, 2.74]"
0.9998840039169226,0.9047817523462869,0.11694915254237287,0.909322033898305,2.8265266351257985,150,"[-12, 13]",200,"[-10, 17]",200,1.2085304260253906,4.906753063201903,"(2.74, 2.843]"
0.9998800009813812,0.9240166381546892,0.11186440677966103,0.9338983050847456,2.9181894402158144,150,"[-12, 13]",200,"[-10, 17]",200,1.1997582912445068,4.933383703231812,"(2.843, 2.946]"
0.9998238287645492,0.9386304083444159,0.13220338983050847,0.8847457627118644,3.025834812884228,150,"[-12, 13]",200,"[-10, 18]",200,1.1854956150054932,4.912583112716675,"(2.946, 3.05]"
0.9999851075333296,0.9635788175791068,0.1139240506329114,0.9487179487179488,3.1392348972892448,150,"[-12, 13]",200,"[-16, 17]",200,8.106775522232057,4.897005796432495,"(3.05, 3.153]"
0.9997881702003512,0.9771686004609276,0.12203389830508475,0.9338983050847456,3.245822403628892,150,"[-12, 13]",200,"[-10, 18]",200,1.2444474697113037,4.956385850906372,"(3.153, 3.256]"
0.9999844651376296,0.9957191938448452,0.10169491525423728,1.0076271186440675,3.3586940089017188,150,"[-13, 14]",200,"[-16, 17]",200,8.26680064201355,4.9313604831695566,"(3.256, 3.36]"
0.9999807920732721,1.012036556940624,0.11186440677966103,0.983050847457627,3.454840234478345,150,"[-12, 13]",200,"[-16, 18]",200,1.1794614791870115,4.9403235912323,"(3.36, 3.463]"
0.9999793517936132,1.0246161360419357,0.10677966101694916,1.0076271186440675,3.553453114037445,150,"[-13, 14]",200,"[-16, 18]",200,2.3954026699066158,4.938247203826903,"(3.463, 3.566]"
0.9999824288589274,1.0400661977962329,0.10169491525423728,1.0322033898305083,3.6472198896818386,150,"[-13, 14]",200,"[-16, 18]",200,7.0460455417633066,4.930988311767578,"(3.566, 3.669]"
0.9999768805114109,1.0556742436721809,0.11186440677966103,1.0076271186440675,3.7560286755999797,150,"[-13, 14]",200,"[-16, 18]",200,1.1854629516601562,4.947159767150879,"(3.669, 3.773]"
0.9999886435435352,1.0700901856384686,0.10677966101694916,1.0322033898305083,3.860010933590509,150,"[-13, 14]",200,"[-17, 18]",200,2.3643581867218018,4.94590950012207,"(3.773, 3.876]"
0.9999764742759524,1.085172243112679,0.10169491525423728,1.056779661016949,3.9584993009149176,150,"[-13, 14]",200,"[-16, 18]",200,2.3581833839416504,4.942747354507446,"(3.876, 3.979]"
0.9999851334119408,1.1030603122812213,0.11186440677966103,1.0322033898305083,4.0809531744035965,150,"[-13, 14]",200,"[-17, 18]",200,1.1831750869750977,4.935108661651611,"(3.979, 4.083]"
0.9999829359730674,1.1130128664693886,0.12203389830508475,1.0076271186440675,4.182868009315944,150,"[-13, 14]",200,"[-17, 18]",200,1.2517683506011963,4.9659907817840585,"(4.083, 4.186]"
0.9999791364861348,1.1252716121876605,0.08135593220338982,1.1550847457627118,4.2808403170088845,150,"[-13, 14]",200,"[-16, 17]",200,1.1860487461090088,4.92436671257019,"(4.186, 4.289]"
0.9999801451176494,1.1456019349101845,0.0966101694915254,1.1059322033898304,4.390098529100986,150,"[-13, 14]",200,"[-17, 18]",200,2.360227346420288,4.925747871398926,"(4.289, 4.393]"
0.9999874647448548,1.1536339331194707,0.09152542372881356,1.1305084745762712,4.478210729443976,150,"[-13, 14]",200,"[-17, 18]",200,2.431249618530273,4.939026832580566,"(4.393, 4.496]"
0.9999725335099596,1.1637466566873402,0.08644067796610169,1.1550847457627118,4.557506649912484,150,"[-13, 14]",200,"[-16, 18]",200,2.368536949157715,4.909899711608887,"(4.496, 4.599]"
0.9999835971689762,1.1769253057257612,0.10169491525423728,1.1059322033898304,4.654704525459321,150,"[-13, 14]",200,"[-17, 18]",200,1.1787757873535156,4.9304771423339835,"(4.599, 4.703]"
0.9999787095918744,1.1916177564621555,0.0966101694915254,1.1305084745762712,4.755120069158884,150,"[-14, 15]",200,"[-17, 18]",200,2.3516721725463867,4.917742729187012,"(4.703, 4.806]"
0.9999836655721304,1.1998629983670868,0.09152542372881356,1.1550847457627118,4.846499175670656,150,"[-13, 14]",200,"[-17, 18]",200,2.4449009895324707,4.932278871536255,"(4.806, 4.909]"
0.9999707849169918,1.2166602792828836,0.08135593220338982,1.2042372881355932,4.998873940843144,150,"[-14, 15]",200,"[-16, 18]",200,2.3512001037597656,4.924840211868286,"(4.909, 5.013]"
0.9999831021536842,1.2242125488356888,0.10169491525423728,1.1305084745762712,5.042192836084793,150,"[-14, 15]",200,"[-17, 18]",200,1.170525312423706,4.953855276107788,"(5.013, 5.116]"
0.9999753327925214,1.243874233706477,0.11186440677966103,1.1059322033898304,5.211108544328755,150,"[-14, 15]",200,"[-17, 18]",200,2.433816432952881,4.962976455688477,"(5.116, 5.219]"
0.9999811261801574,1.2456797799311599,0.09152542372881356,1.1796610169491526,5.241610106490294,150,"[-14, 15]",200,"[-17, 18]",200,2.4284656047821045,5.047060966491699,"(5.219, 5.323]"
0.9999627123177051,1.2634202957374834,0.08135593220338982,1.2288135593220335,5.39739333961977,150,"[-14, 15]",200,"[-16, 18]",200,2.3812897205352783,4.903165817260742,"(5.323, 5.426]"
0.9999757353370238,1.2723597583517807,0.0711864406779661,1.277966101694915,5.501960753450882,150,"[-14, 15]",200,"[-17, 17]",200,2.370806932449341,4.912031173706055,"(5.426, 5.529]"
0.9999655798798996,1.2856721025256472,0.0966101694915254,1.1796610169491526,5.566637561554193,150,"[-14, 15]",200,"[-17, 18]",200,1.1924448013305664,4.917919158935547,"(5.529, 5.633]"
0.999976075468332,1.2926656662926606,0.09152542372881356,1.2042372881355932,5.664689717812309,150,"[-14, 15]",200,"[-17, 18]",200,1.2329344749450684,5.047007083892822,"(5.633, 5.736]"
0.9999693771472458,1.3114513553149814,0.08135593220338982,1.2533898305084743,5.823825535091852,150,"[-14, 15]",200,"[-17, 18]",200,2.4011292457580566,5.045112609863281,"(5.736, 5.839]"
0.9999715378165398,1.3186215854960606,0.0711864406779661,1.302542372881356,5.926481824880997,150,"[-14, 15]",200,"[-17, 18]",200,2.361051082611084,4.929957389831543,"(5.839, 5.943]"
0.999957022994246,1.333111257385664,0.0966101694915254,1.2042372881355932,6.015305644009586,150,"[-14, 15]",200,"[-17, 18]",200,1.178180456161499,5.039174556732178,"(5.943, 6.046]"
Wnorm,WLN,gamma,r,nmean,Ndim,xbound,xcount,ybound,ycount,time1,time2,nmeanbins
0.9999987678390112,0.017201639300661344,0.11694915254237287,0.024576271186440683,0.05153266234480501,150,"[-4, 5]",200,"[-4, 6]",200,1.1880474090576172,4.935307264328003,"(-0.05, 0.0516]"
0.9999985068125924,0.08864035989917944,0.1576271186440678,0.12288135593220338,0.15226492614680232,150,"[-4, 5]",200,"[-4, 8]",200,1.218158721923828,6.125612020492554,"(0.0516, 0.153]"
0.9999984514375384,0.15319952685191546,0.1576271186440678,0.2211864406779661,0.2528573326503736,150,"[-5, 6]",200,"[-4, 9]",200,1.1732585430145264,4.9244139194488525,"(0.153, 0.255]"
0.9999991215883612,0.2110053904457621,0.16779661016949152,0.2703389830508475,0.3550802712332309,150,"[-5, 6]",200,"[-4, 11]",200,2.3609044551849365,4.934202432632446,"(0.255, 0.356]"
0.9999967789447864,0.2616634362780032,0.18305084745762712,0.2949152542372881,0.4574322470742471,150,"[-5, 6]",200,"[-4, 11]",200,1.3373022079467771,5.379156589508057,"(0.356, 0.458]"
0.9999978487056872,0.3080819101714241,0.16779661016949152,0.3686440677966101,0.5573501824613399,150,"[-5, 6]",200,"[-4, 12]",200,1.1864140033721924,6.040548086166383,"(0.458, 0.56]"
0.9999961406645804,0.3514135998929433,0.16271186440677965,0.4177966101694915,0.6601719315075123,150,"[-8, 9]",200,"[-4, 12]",200,3.518939018249512,4.9492831230163565,"(0.56, 0.661]"
0.9999958465047456,0.3876507911614369,0.17796610169491525,0.4177966101694915,0.7534460236442804,150,"[-10, 11]",200,"[-9, 13]",200,7.131652355194093,4.944316864013672,"(0.661, 0.763]"
0.999997219802722,0.4283879592338371,0.1576271186440678,0.4915254237288135,0.8606419110074205,150,"[-10, 11]",200,"[-10, 14]",200,1.1866822242736816,4.951138734817505,"(0.763, 0.864]"
0.9999969832500036,0.4638058975077934,0.13728813559322034,0.5652542372881356,0.965224978393891,150,"[-10, 11]",200,"[-10, 14]",200,2.34810471534729,5.1440303325653085,"(0.864, 0.966]"
0.9999948315392848,0.4964451702028472,0.13728813559322034,0.5898305084745763,1.0633789207793094,150,"[-10, 11]",200,"[-10, 14]",200,2.373820304870605,5.054940462112427,"(0.966, 1.068]"
0.9999976163477716,0.5293967117752374,0.14745762711864407,0.5898305084745763,1.1667580341629091,150,"[-11, 12]",200,"[-10, 16]",200,2.379894256591797,4.942638158798218,"(1.068, 1.169]"
0.9999938616058868,0.5553776902050953,0.16779661016949152,0.5652542372881356,1.2663495274368397,150,"[-11, 12]",200,"[-10, 16]",200,1.1855807304382324,4.929829359054565,"(1.169, 1.271]"
0.9999921864969564,0.5819184988649131,0.16455696202531644,0.5897435897435898,1.3566259456687764,150,"[-11, 12]",200,"[-10, 16]",200,2.313249111175537,4.91566801071167,"(1.271, 1.372]"
0.9999951307279772,0.6134031139555876,0.12203389830508475,0.7127118644067797,1.4694256876851142,150,"[-11, 12]",200,"[-10, 16]",200,1.2289249897003174,5.001305103302002,"(1.372, 1.474]"
0.9999914459608228,0.6390456954325276,0.12658227848101267,0.7179487179487181,1.5654335034385536,150,"[-11, 12]",200,"[-10, 16]",200,2.309929370880127,4.898380517959595,"(1.474, 1.576]"
0.9999904431963884,0.6643964773056656,0.11694915254237287,0.7618644067796608,1.673566413917241,150,"[-11, 12]",200,"[-10, 16]",200,1.1888434886932373,4.9971232414245605,"(1.576, 1.677]"
0.9999831074767852,0.6917862203683098,0.13220338983050847,0.7372881355932203,1.7746550788130608,150,"[-11, 12]",200,"[-10, 16]",200,1.185077667236328,5.001276731491089,"(1.677, 1.779]"
0.9999737142863516,0.7130447466393535,0.14745762711864407,0.7127118644067797,1.868151138356176,150,"[-11, 12]",200,"[-10, 17]",200,1.191357135772705,4.962168216705322,"(1.779, 1.88]"
0.9999823035107092,0.731868404146065,0.10677966101694916,0.8355932203389831,1.964215994217751,150,"[-11, 12]",200,"[-10, 16]",200,1.170804500579834,4.922745227813722,"(1.88, 1.982]"
0.999967143965728,0.7589871706217882,0.12658227848101267,0.7948717948717948,2.0743666475155167,150,"[-11, 12]",200,"[-10, 17]",200,2.30047869682312,4.9168646335601816,"(1.982, 2.084]"
0.9999653178044194,0.7809361508627713,0.11694915254237287,0.8355932203389831,2.1801794188219947,150,"[-12, 13]",200,"[-10, 17]",200,1.1973483562469482,4.932357549667358,"(2.084, 2.185]"
0.9999488158357062,0.8010376012058371,0.12658227848101267,0.8205128205128205,2.2753992786054877,150,"[-11, 12]",200,"[-10, 17]",200,2.3076612949371342,4.872235298156738,"(2.185, 2.287]"
0.9999470763368437,0.8213958313779091,0.11694915254237287,0.8601694915254237,2.3784770208312263,150,"[-12, 13]",200,"[-10, 17]",200,1.1887450218200684,4.912620067596436,"(2.287, 2.388]"
0.9999448556267004,0.8395910399329449,0.11186440677966103,0.8847457627118644,2.460038980503384,150,"[-12, 13]",200,"[-10, 17]",200,1.1748688220977783,4.913824081420898,"(2.388, 2.49]"
0.9998954366904848,0.856359247320187,0.13924050632911392,0.8205128205128205,2.573629471013917,150,"[-12, 13]",200,"[-10, 17]",200,2.3113996982574463,4.890315532684326,"(2.49, 2.592]"
0.9999178676838903,0.8814128011690068,0.11186440677966103,0.909322033898305,2.6799766369049745,150,"[-12, 13]",200,"[-10, 17]",200,1.185148000717163,4.91866946220398,"(2.592, 2.693]"
0.9999107657626808,0.8945398706236265,0.10677966101694916,0.9338983050847456,2.7637851072132555,150,"[-12, 13]",200,"[-10, 17]",200,1.1850481033325195,4.920898914337158,"(2.693, 2.795]"
0.999880520786916,0.9159245790193946,0.1139240506329114,0.923076923076923,2.872755142895332,150,"[-12, 13]",200,"[-10, 17]",200,1.180734395980835,4.864015340805054,"(2.795, 2.896]"
0.9998506393045908,0.9334202457441226,0.12203389830508475,0.909322033898305,2.978898352041785,150,"[-12, 13]",200,"[-10, 18]",200,2.4392921924591064,4.930451154708862,"(2.896, 2.998]"
0.9998731110458454,0.9518174865031578,0.10169491525423728,0.983050847457627,3.0915474806204237,150,"[-12, 13]",200,"[-10, 17]",200,1.1851294040679932,4.9406609535217285,"(2.998, 3.1]"
0.9998290314581404,0.9677751743192764,0.11186440677966103,0.9584745762711864,3.1760204255950297,150,"[-12, 13]",200,"[-10, 18]",200,2.361117362976074,4.9234654903411865,"(3.1, 3.201]"
0.9999764325071584,0.9821838333112888,0.13220338983050847,0.909322033898305,3.3002414389481225,150,"[-12, 13]",200,"[-16, 18]",200,8.282689809799193,4.932762384414673,"(3.201, 3.303]"
0.9999844651376296,0.9957191938448452,0.10169491525423728,1.0076271186440675,3.3586940089017188,150,"[-13, 14]",200,"[-16, 17]",200,8.26680064201355,4.9313604831695566,"(3.303, 3.404]"
0.9999807920732721,1.012036556940624,0.11186440677966103,0.983050847457627,3.454840234478345,150,"[-12, 13]",200,"[-16, 18]",200,1.1794614791870115,4.9403235912323,"(3.404, 3.506]"
0.9999890555563044,1.0264895838674557,0.13220338983050847,0.9338983050847456,3.5970996587655417,150,"[-12, 13]",200,"[-17, 18]",200,8.299434900283812,4.892112731933594,"(3.506, 3.608]"
0.9999824288589274,1.0400661977962329,0.10169491525423728,1.0322033898305083,3.6472198896818386,150,"[-13, 14]",200,"[-16, 18]",200,7.0460455417633066,4.930988311767578,"(3.608, 3.709]"
0.9999768805114109,1.0556742436721809,0.11186440677966103,1.0076271186440675,3.7560286755999797,150,"[-13, 14]",200,"[-16, 18]",200,1.1854629516601562,4.947159767150879,"(3.709, 3.811]"
0.9999818736597584,1.0735315404935408,0.12658227848101267,0.9743589743589745,3.9115061940000184,150,"[-12, 13]",200,"[-17, 18]",200,2.3087310791015625,4.86732029914856,"(3.811, 3.912]"
0.9999764742759524,1.085172243112679,0.10169491525423728,1.056779661016949,3.9584993009149176,150,"[-13, 14]",200,"[-16, 18]",200,2.3581833839416504,4.942747354507446,"(3.912, 4.014]"
0.9999851334119408,1.1030603122812213,0.11186440677966103,1.0322033898305083,4.0809531744035965,150,"[-13, 14]",200,"[-17, 18]",200,1.1831750869750977,4.935108661651611,"(4.014, 4.115]"
0.9999791433634628,1.1179258419766784,0.08644067796610169,1.1305084745762712,4.212508216261199,150,"[-13, 14]",200,"[-16, 18]",200,2.3909986019134517,4.920795202255249,"(4.115, 4.217]"
0.9999872438784936,1.1308431002530028,0.10169491525423728,1.08135593220339,4.293889114888822,150,"[-13, 14]",200,"[-17, 18]",200,2.344048500061035,4.924479961395264,"(4.217, 4.319]"
0.9999801451176494,1.1456019349101845,0.0966101694915254,1.1059322033898304,4.390098529100986,150,"[-13, 14]",200,"[-17, 18]",200,2.360227346420288,4.925747871398926,"(4.319, 4.42]"
0.9999874647448548,1.1536339331194707,0.09152542372881356,1.1305084745762712,4.478210729443976,150,"[-13, 14]",200,"[-17, 18]",200,2.431249618530273,4.939026832580566,"(4.42, 4.522]"
0.9999725335099596,1.1637466566873402,0.08644067796610169,1.1550847457627118,4.557506649912484,150,"[-13, 14]",200,"[-16, 18]",200,2.368536949157715,4.909899711608887,"(4.522, 4.623]"
0.9999835971689762,1.1769253057257612,0.10169491525423728,1.1059322033898304,4.654704525459321,150,"[-13, 14]",200,"[-17, 18]",200,1.1787757873535156,4.9304771423339835,"(4.623, 4.725]"
0.999975320417899,1.1959055694438687,0.11186440677966103,1.08135593220339,4.807270558262561,150,"[-13, 14]",200,"[-17, 18]",200,1.1749472618103027,4.945649862289429,"(4.725, 4.827]"
0.9999677811455796,1.2095081365854254,0.08644067796610169,1.1796610169491526,4.928080209398791,150,"[-14, 15]",200,"[-16, 18]",200,2.386561870574951,4.910504102706909,"(4.827, 4.928]"
0.9999707849169918,1.2166602792828836,0.08135593220338982,1.2042372881355932,4.998873940843144,150,"[-14, 15]",200,"[-16, 18]",200,2.3512001037597656,4.924840211868286,"(4.928, 5.03]"
0.9999831021536842,1.2242125488356888,0.10169491525423728,1.1305084745762712,5.042192836084793,150,"[-14, 15]",200,"[-17, 18]",200,1.170525312423706,4.953855276107788,"(5.03, 5.131]"
0.9999753327925214,1.243874233706477,0.11186440677966103,1.1059322033898304,5.211108544328755,150,"[-14, 15]",200,"[-17, 18]",200,2.433816432952881,4.962976455688477,"(5.131, 5.233]"
0.9999820312232762,1.2550549549364036,0.08644067796610169,1.2042372881355932,5.325471733956294,150,"[-14, 15]",200,"[-17, 18]",200,2.3719210624694824,4.987070322036743,"(5.233, 5.335]"
0.9999627123177051,1.2634202957374834,0.08135593220338982,1.2288135593220335,5.39739333961977,150,"[-14, 15]",200,"[-16, 18]",200,2.3812897205352783,4.903165817260742,"(5.335, 5.436]"
0.9999757353370238,1.2723597583517807,0.0711864406779661,1.277966101694915,5.501960753450882,150,"[-14, 15]",200,"[-17, 17]",200,2.370806932449341,4.912031173706055,"(5.436, 5.538]"
0.9999655798798996,1.2856721025256472,0.0966101694915254,1.1796610169491526,5.566637561554193,150,"[-14, 15]",200,"[-17, 18]",200,1.1924448013305664,4.917919158935547,"(5.538, 5.639]"
0.999976075468332,1.2926656662926606,0.09152542372881356,1.2042372881355932,5.664689717812309,150,"[-14, 15]",200,"[-17, 18]",200,1.2329344749450684,5.047007083892822,"(5.639, 5.741]"
0.9999693771472458,1.3114513553149814,0.08135593220338982,1.2533898305084743,5.823825535091852,150,"[-14, 15]",200,"[-17, 18]",200,2.4011292457580566,5.045112609863281,"(5.741, 5.843]"
0.9999715378165398,1.3186215854960606,0.0711864406779661,1.302542372881356,5.926481824880997,150,"[-14, 15]",200,"[-17, 18]",200,2.361051082611084,4.929957389831543,"(5.843, 5.944]"
0.999957022994246,1.333111257385664,0.0966101694915254,1.2042372881355932,6.015305644009586,150,"[-14, 15]",200,"[-17, 18]",200,1.178180456161499,5.039174556732178,"(5.944, 6.046]"
Wnorm,WLN,gamma,r,nmean,Ndim,xbound,xcount,ybound,ycount,time1,time2,nmeanbins
0.9999987678390112,0.017201639300661344,0.11694915254237287,0.024576271186440683,0.05153266234480501,150,"[-4, 5]",200,"[-4, 6]",200,1.1880474090576172,4.935307264328003,"(-0.05, 0.0516]"
0.9999985068125924,0.08864035989917944,0.1576271186440678,0.12288135593220338,0.15226492614680232,150,"[-4, 5]",200,"[-4, 8]",200,1.218158721923828,6.125612020492554,"(0.0516, 0.153]"
0.9999984514375384,0.15319952685191546,0.1576271186440678,0.2211864406779661,0.2528573326503736,150,"[-5, 6]",200,"[-4, 9]",200,1.1732585430145264,4.9244139194488525,"(0.153, 0.255]"
0.9999991215883612,0.2110053904457621,0.16779661016949152,0.2703389830508475,0.3550802712332309,150,"[-5, 6]",200,"[-4, 11]",200,2.3609044551849365,4.934202432632446,"(0.255, 0.356]"
0.9999967789447864,0.2616634362780032,0.18305084745762712,0.2949152542372881,0.4574322470742471,150,"[-5, 6]",200,"[-4, 11]",200,1.3373022079467771,5.379156589508057,"(0.356, 0.458]"
0.9999978487056872,0.3080819101714241,0.16779661016949152,0.3686440677966101,0.5573501824613399,150,"[-5, 6]",200,"[-4, 12]",200,1.1864140033721924,6.040548086166383,"(0.458, 0.56]"
0.9999961406645804,0.3514135998929433,0.16271186440677965,0.4177966101694915,0.6601719315075123,150,"[-8, 9]",200,"[-4, 12]",200,3.518939018249512,4.9492831230163565,"(0.56, 0.661]"
0.9999958465047456,0.3876507911614369,0.17796610169491525,0.4177966101694915,0.7534460236442804,150,"[-10, 11]",200,"[-9, 13]",200,7.131652355194093,4.944316864013672,"(0.661, 0.763]"
0.999997219802722,0.4283879592338371,0.1576271186440678,0.4915254237288135,0.8606419110074205,150,"[-10, 11]",200,"[-10, 14]",200,1.1866822242736816,4.951138734817505,"(0.763, 0.864]"
0.9999969832500036,0.4638058975077934,0.13728813559322034,0.5652542372881356,0.965224978393891,150,"[-10, 11]",200,"[-10, 14]",200,2.34810471534729,5.1440303325653085,"(0.864, 0.966]"
0.9999948315392848,0.4964451702028472,0.13728813559322034,0.5898305084745763,1.0633789207793094,150,"[-10, 11]",200,"[-10, 14]",200,2.373820304870605,5.054940462112427,"(0.966, 1.068]"
0.9999976163477716,0.5293967117752374,0.14745762711864407,0.5898305084745763,1.1667580341629091,150,"[-11, 12]",200,"[-10, 16]",200,2.379894256591797,4.942638158798218,"(1.068, 1.169]"
0.9999938616058868,0.5553776902050953,0.16779661016949152,0.5652542372881356,1.2663495274368397,150,"[-11, 12]",200,"[-10, 16]",200,1.1855807304382324,4.929829359054565,"(1.169, 1.271]"
0.9999921864969564,0.5819184988649131,0.16455696202531644,0.5897435897435898,1.3566259456687764,150,"[-11, 12]",200,"[-10, 16]",200,2.313249111175537,4.91566801071167,"(1.271, 1.372]"
0.9999951307279772,0.6134031139555876,0.12203389830508475,0.7127118644067797,1.4694256876851142,150,"[-11, 12]",200,"[-10, 16]",200,1.2289249897003174,5.001305103302002,"(1.372, 1.474]"
0.9999914459608228,0.6390456954325276,0.12658227848101267,0.7179487179487181,1.5654335034385536,150,"[-11, 12]",200,"[-10, 16]",200,2.309929370880127,4.898380517959595,"(1.474, 1.576]"
0.9999904431963884,0.6643964773056656,0.11694915254237287,0.7618644067796608,1.673566413917241,150,"[-11, 12]",200,"[-10, 16]",200,1.1888434886932373,4.9971232414245605,"(1.576, 1.677]"
0.9999831074767852,0.6917862203683098,0.13220338983050847,0.7372881355932203,1.7746550788130608,150,"[-11, 12]",200,"[-10, 16]",200,1.185077667236328,5.001276731491089,"(1.677, 1.779]"
0.9999737142863516,0.7130447466393535,0.14745762711864407,0.7127118644067797,1.868151138356176,150,"[-11, 12]",200,"[-10, 17]",200,1.191357135772705,4.962168216705322,"(1.779, 1.88]"
0.9999823035107092,0.731868404146065,0.10677966101694916,0.8355932203389831,1.964215994217751,150,"[-11, 12]",200,"[-10, 16]",200,1.170804500579834,4.922745227813722,"(1.88, 1.982]"
0.999967143965728,0.7589871706217882,0.12658227848101267,0.7948717948717948,2.0743666475155167,150,"[-11, 12]",200,"[-10, 17]",200,2.30047869682312,4.9168646335601816,"(1.982, 2.084]"
0.9999653178044194,0.7809361508627713,0.11694915254237287,0.8355932203389831,2.1801794188219947,150,"[-12, 13]",200,"[-10, 17]",200,1.1973483562469482,4.932357549667358,"(2.084, 2.185]"
0.9999488158357062,0.8010376012058371,0.12658227848101267,0.8205128205128205,2.2753992786054877,150,"[-11, 12]",200,"[-10, 17]",200,2.3076612949371342,4.872235298156738,"(2.185, 2.287]"
0.9999470763368437,0.8213958313779091,0.11694915254237287,0.8601694915254237,2.3784770208312263,150,"[-12, 13]",200,"[-10, 17]",200,1.1887450218200684,4.912620067596436,"(2.287, 2.388]"
0.9999448556267004,0.8395910399329449,0.11186440677966103,0.8847457627118644,2.460038980503384,150,"[-12, 13]",200,"[-10, 17]",200,1.1748688220977783,4.913824081420898,"(2.388, 2.49]"
0.9998954366904848,0.856359247320187,0.13924050632911392,0.8205128205128205,2.573629471013917,150,"[-12, 13]",200,"[-10, 17]",200,2.3113996982574463,4.890315532684326,"(2.49, 2.592]"
0.9999178676838903,0.8814128011690068,0.11186440677966103,0.909322033898305,2.6799766369049745,150,"[-12, 13]",200,"[-10, 17]",200,1.185148000717163,4.91866946220398,"(2.592, 2.693]"
0.9999107657626808,0.8945398706236265,0.10677966101694916,0.9338983050847456,2.7637851072132555,150,"[-12, 13]",200,"[-10, 17]",200,1.1850481033325195,4.920898914337158,"(2.693, 2.795]"
0.999880520786916,0.9159245790193946,0.1139240506329114,0.923076923076923,2.872755142895332,150,"[-12, 13]",200,"[-10, 17]",200,1.180734395980835,4.864015340805054,"(2.795, 2.896]"
0.9998506393045908,0.9334202457441226,0.12203389830508475,0.909322033898305,2.978898352041785,150,"[-12, 13]",200,"[-10, 18]",200,2.4392921924591064,4.930451154708862,"(2.896, 2.998]"
0.9998731110458454,0.9518174865031578,0.10169491525423728,0.983050847457627,3.0915474806204237,150,"[-12, 13]",200,"[-10, 17]",200,1.1851294040679932,4.9406609535217285,"(2.998, 3.1]"
0.9998290314581404,0.9677751743192764,0.11186440677966103,0.9584745762711864,3.1760204255950297,150,"[-12, 13]",200,"[-10, 18]",200,2.361117362976074,4.9234654903411865,"(3.1, 3.201]"
0.9999764325071584,0.9821838333112888,0.13220338983050847,0.909322033898305,3.3002414389481225,150,"[-12, 13]",200,"[-16, 18]",200,8.282689809799193,4.932762384414673,"(3.201, 3.303]"
0.9999844651376296,0.9957191938448452,0.10169491525423728,1.0076271186440675,3.3586940089017188,150,"[-13, 14]",200,"[-16, 17]",200,8.26680064201355,4.9313604831695566,"(3.303, 3.404]"
0.9999807920732721,1.012036556940624,0.11186440677966103,0.983050847457627,3.454840234478345,150,"[-12, 13]",200,"[-16, 18]",200,1.1794614791870115,4.9403235912323,"(3.404, 3.506]"
0.9999890555563044,1.0264895838674557,0.13220338983050847,0.9338983050847456,3.5970996587655417,150,"[-12, 13]",200,"[-17, 18]",200,8.299434900283812,4.892112731933594,"(3.506, 3.608]"
0.9999824288589274,1.0400661977962329,0.10169491525423728,1.0322033898305083,3.6472198896818386,150,"[-13, 14]",200,"[-16, 18]",200,7.0460455417633066,4.930988311767578,"(3.608, 3.709]"
0.9999768805114109,1.0556742436721809,0.11186440677966103,1.0076271186440675,3.7560286755999797,150,"[-13, 14]",200,"[-16, 18]",200,1.1854629516601562,4.947159767150879,"(3.709, 3.811]"
0.9999818736597584,1.0735315404935408,0.12658227848101267,0.9743589743589745,3.9115061940000184,150,"[-12, 13]",200,"[-17, 18]",200,2.3087310791015625,4.86732029914856,"(3.811, 3.912]"
0.9999764742759524,1.085172243112679,0.10169491525423728,1.056779661016949,3.9584993009149176,150,"[-13, 14]",200,"[-16, 18]",200,2.3581833839416504,4.942747354507446,"(3.912, 4.014]"
0.9999851334119408,1.1030603122812213,0.11186440677966103,1.0322033898305083,4.0809531744035965,150,"[-13, 14]",200,"[-17, 18]",200,1.1831750869750977,4.935108661651611,"(4.014, 4.115]"
0.9999791433634628,1.1179258419766784,0.08644067796610169,1.1305084745762712,4.212508216261199,150,"[-13, 14]",200,"[-16, 18]",200,2.3909986019134517,4.920795202255249,"(4.115, 4.217]"
0.9999872438784936,1.1308431002530028,0.10169491525423728,1.08135593220339,4.293889114888822,150,"[-13, 14]",200,"[-17, 18]",200,2.344048500061035,4.924479961395264,"(4.217, 4.319]"
0.9999801451176494,1.1456019349101845,0.0966101694915254,1.1059322033898304,4.390098529100986,150,"[-13, 14]",200,"[-17, 18]",200,2.360227346420288,4.925747871398926,"(4.319, 4.42]"
0.9999874647448548,1.1536339331194707,0.09152542372881356,1.1305084745762712,4.478210729443976,150,"[-13, 14]",200,"[-17, 18]",200,2.431249618530273,4.939026832580566,"(4.42, 4.522]"
0.9999725335099596,1.1637466566873402,0.08644067796610169,1.1550847457627118,4.557506649912484,150,"[-13, 14]",200,"[-16, 18]",200,2.368536949157715,4.909899711608887,"(4.522, 4.623]"
0.9999835971689762,1.1769253057257612,0.10169491525423728,1.1059322033898304,4.654704525459321,150,"[-13, 14]",200,"[-17, 18]",200,1.1787757873535156,4.9304771423339835,"(4.623, 4.725]"
0.999975320417899,1.1959055694438687,0.11186440677966103,1.08135593220339,4.807270558262561,150,"[-13, 14]",200,"[-17, 18]",200,1.1749472618103027,4.945649862289429,"(4.725, 4.827]"
0.9999677811455796,1.2095081365854254,0.08644067796610169,1.1796610169491526,4.928080209398791,150,"[-14, 15]",200,"[-16, 18]",200,2.386561870574951,4.910504102706909,"(4.827, 4.928]"
0.9999707849169918,1.2166602792828836,0.08135593220338982,1.2042372881355932,4.998873940843144,150,"[-14, 15]",200,"[-16, 18]",200,2.3512001037597656,4.924840211868286,"(4.928, 5.03]"
0.9999831021536842,1.2242125488356888,0.10169491525423728,1.1305084745762712,5.042192836084793,150,"[-14, 15]",200,"[-17, 18]",200,1.170525312423706,4.953855276107788,"(5.03, 5.131]"
0.9999753327925214,1.243874233706477,0.11186440677966103,1.1059322033898304,5.211108544328755,150,"[-14, 15]",200,"[-17, 18]",200,2.433816432952881,4.962976455688477,"(5.131, 5.233]"
0.9999820312232762,1.2550549549364036,0.08644067796610169,1.2042372881355932,5.325471733956294,150,"[-14, 15]",200,"[-17, 18]",200,2.3719210624694824,4.987070322036743,"(5.233, 5.335]"
0.9999627123177051,1.2634202957374834,0.08135593220338982,1.2288135593220335,5.39739333961977,150,"[-14, 15]",200,"[-16, 18]",200,2.3812897205352783,4.903165817260742,"(5.335, 5.436]"
0.9999757353370238,1.2723597583517807,0.0711864406779661,1.277966101694915,5.501960753450882,150,"[-14, 15]",200,"[-17, 17]",200,2.370806932449341,4.912031173706055,"(5.436, 5.538]"
0.9999655798798996,1.2856721025256472,0.0966101694915254,1.1796610169491526,5.566637561554193,150,"[-14, 15]",200,"[-17, 18]",200,1.1924448013305664,4.917919158935547,"(5.538, 5.639]"
0.999976075468332,1.2926656662926606,0.09152542372881356,1.2042372881355932,5.664689717812309,150,"[-14, 15]",200,"[-17, 18]",200,1.2329344749450684,5.047007083892822,"(5.639, 5.741]"
0.9999693771472458,1.3114513553149814,0.08135593220338982,1.2533898305084743,5.823825535091852,150,"[-14, 15]",200,"[-17, 18]",200,2.4011292457580566,5.045112609863281,"(5.741, 5.843]"
0.9999715378165398,1.3186215854960606,0.0711864406779661,1.302542372881356,5.926481824880997,150,"[-14, 15]",200,"[-17, 18]",200,2.361051082611084,4.929957389831543,"(5.843, 5.944]"
0.999957022994246,1.333111257385664,0.0966101694915254,1.2042372881355932,6.015305644009586,150,"[-14, 15]",200,"[-17, 18]",200,1.178180456161499,5.039174556732178,"(5.944, 6.046]"
Wnorm,WLN,gamma,r,nmean,Ndim,xbound,xcount,ybound,ycount,time1,time2,nmeanbins
0.9999985934513521,0.04966160614713926,0.1423728813559322,0.07372881355932204,0.0973231307481315,150,"[-4, 5]",200,"[-4, 7]",200,1.1703124046325684,4.914208650588988,"(-0.001, 0.0999]"
0.9999981823352068,0.11836048846015546,0.1576271186440678,0.17203389830508475,0.19676296335669316,150,"[-4, 5]",200,"[-4, 9]",200,2.3342673778533936,4.917425632476807,"(0.0999, 0.2]"
0.9999984772976458,0.17740394232451093,0.17288135593220338,0.2211864406779661,0.2940753431785668,150,"[-5, 6]",200,"[-4, 10]",200,1.1813600063323977,4.953398942947388,"(0.2, 0.3]"
0.9999987606870552,0.23363073364807135,0.16779661016949152,0.2949152542372881,0.3986696263751783,150,"[-5, 6]",200,"[-4, 11]",200,2.4133892059326167,5.577553987503052,"(0.3, 0.4]"
0.9999968002115188,0.28223982324804503,0.16779661016949152,0.3440677966101695,0.4994392873853561,150,"[-5, 6]",200,"[-4, 11]",200,1.1808204650878906,4.9431583881378165,"(0.4, 0.5]"
0.999997722187922,0.32381575279283803,0.16271186440677965,0.3932203389830508,0.593487234987992,150,"[-7, 8]",200,"[-4, 12]",200,2.368070125579834,5.4102301597595215,"(0.5, 0.6]"
0.9999974366482118,0.3630758549012749,0.16779661016949152,0.4177966101694915,0.6903359365896432,150,"[-8, 9]",200,"[-4, 13]",200,2.366154670715332,4.984739065170288,"(0.6, 0.7]"
0.999997554431828,0.401939822304935,0.13924050632911392,0.5128205128205128,0.7957954843178909,150,"[-6, 7]",200,"[-4, 13]",200,2.301764726638794,4.886723518371582,"(0.7, 0.799]"
0.9999984357305892,0.4416275232444489,0.16455696202531644,0.4871794871794872,0.8982401882643235,150,"[-10, 11]",200,"[-10, 15]",200,5.785521030426025,4.864587306976318,"(0.799, 0.899]"
0.9999971774443672,0.4749877527300912,0.16455696202531644,0.5128205128205128,0.9976430384862522,150,"[-10, 11]",200,"[-10, 15]",200,2.3192386627197266,4.878844022750855,"(0.899, 0.999]"
0.9999954480147684,0.5079404045216482,0.16271186440677965,0.5406779661016949,1.0987631081312852,150,"[-11, 12]",200,"[-10, 15]",200,2.3630433082580566,4.964141845703125,"(0.999, 1.099]"
0.9999952202066984,0.5372913882232586,0.13924050632911392,0.6153846153846154,1.1959624503449082,150,"[-10, 11]",200,"[-10, 15]",200,3.474717617034912,4.876676321029663,"(1.099, 1.199]"
0.9999963658085436,0.5650402891750383,0.13728813559322034,0.6389830508474575,1.2863738271163907,150,"[-11, 12]",200,"[-10, 16]",200,2.3676109313964844,4.965312004089356,"(1.199, 1.299]"
0.9999917450360041,0.5914249377680757,0.16779661016949152,0.5898305084745763,1.3954676162541022,150,"[-11, 12]",200,"[-10, 17]",200,2.359583616256714,4.920491933822632,"(1.299, 1.399]"
0.9999916961215196,0.6173514266289305,0.1423728813559322,0.6635593220338983,1.480872455901857,150,"[-11, 12]",200,"[-10, 16]",200,1.1904606819152832,4.9369728565216064,"(1.399, 1.499]"
0.9999941496279414,0.643733627737407,0.11186440677966103,0.7618644067796608,1.591034149118475,150,"[-11, 12]",200,"[-10, 16]",200,2.3491311073303223,5.009589672088623,"(1.499, 1.599]"
0.9999869476559029,0.6702017270434042,0.1271186440677966,0.7372881355932203,1.6899999274182889,150,"[-11, 12]",200,"[-10, 16]",200,1.1825921535491943,4.9580039978027335,"(1.599, 1.699]"
0.9999810026793192,0.6923279559681266,0.1423728813559322,0.7127118644067797,1.7825517796938242,150,"[-11, 12]",200,"[-10, 17]",200,1.1790814399719238,4.988885641098023,"(1.699, 1.799]"
0.99998516811033,0.7188829895983294,0.11186440677966103,0.8110169491525423,1.8971548276567092,150,"[-11, 12]",200,"[-10, 17]",200,2.35639762878418,4.959060192108153,"(1.799, 1.899]"
0.9999777079162124,0.741373602172627,0.11694915254237287,0.8110169491525423,1.9973651824819592,150,"[-11, 12]",200,"[-10, 17]",200,1.196758270263672,4.961856126785278,"(1.899, 1.999]"
0.999967143965728,0.7589871706217882,0.12658227848101267,0.7948717948717948,2.0743666475155167,150,"[-11, 12]",200,"[-10, 17]",200,2.30047869682312,4.9168646335601816,"(1.999, 2.099]"
0.9999634430814268,0.7854522469742068,0.1139240506329114,0.8461538461538461,2.1944362396778376,150,"[-12, 13]",200,"[-10, 16]",200,2.3116860389709477,4.8818206787109375,"(2.099, 2.198]"
0.9999527602084356,0.8070719725574647,0.12203389830508475,0.8355932203389831,2.2951838203235497,150,"[-12, 13]",200,"[-10, 17]",200,1.2239763736724854,5.010409116744995,"(2.198, 2.298]"
0.9999470763368437,0.8213958313779091,0.11694915254237287,0.8601694915254237,2.3784770208312263,150,"[-12, 13]",200,"[-10, 17]",200,1.1887450218200684,4.912620067596436,"(2.298, 2.398]"
0.999922253304478,0.8446144048148359,0.12658227848101267,0.8461538461538461,2.494388540600326,150,"[-12, 13]",200,"[-10, 17]",200,2.303596019744873,4.864886999130249,"(2.398, 2.498]"
0.999920878378869,0.8626873704071523,0.11694915254237287,0.8847457627118644,2.5934949694925744,150,"[-12, 13]",200,"[-10, 17]",200,1.208118200302124,5.047858715057373,"(2.498, 2.598]"
0.9999178676838903,0.8814128011690068,0.11186440677966103,0.909322033898305,2.6799766369049745,150,"[-12, 13]",200,"[-10, 17]",200,1.185148000717163,4.91866946220398,"(2.598, 2.698]"
0.9999107657626808,0.8945398706236265,0.10677966101694916,0.9338983050847456,2.7637851072132555,150,"[-12, 13]",200,"[-10, 17]",200,1.1850481033325195,4.920898914337158,"(2.698, 2.798]"
0.999880520786916,0.9159245790193946,0.1139240506329114,0.923076923076923,2.872755142895332,150,"[-12, 13]",200,"[-10, 17]",200,1.180734395980835,4.864015340805054,"(2.798, 2.898]"
0.9998506393045908,0.9334202457441226,0.12203389830508475,0.909322033898305,2.978898352041785,150,"[-12, 13]",200,"[-10, 18]",200,2.4392921924591064,4.930451154708862,"(2.898, 2.998]"
0.9998731110458454,0.9518174865031578,0.10169491525423728,0.983050847457627,3.0915474806204237,150,"[-12, 13]",200,"[-10, 17]",200,1.1851294040679932,4.9406609535217285,"(2.998, 3.098]"
0.9998290314581404,0.9677751743192764,0.11186440677966103,0.9584745762711864,3.1760204255950297,150,"[-12, 13]",200,"[-10, 18]",200,2.361117362976074,4.9234654903411865,"(3.098, 3.198]"
0.9999840703508994,0.9793969651775464,0.10677966101694916,0.983050847457627,3.2694797118871084,150,"[-12, 13]",200,"[-16, 18]",200,8.253057479858397,4.9462316036224365,"(3.198, 3.298]"
0.9999844651376296,0.9957191938448452,0.10169491525423728,1.0076271186440675,3.3586940089017188,150,"[-13, 14]",200,"[-16, 17]",200,8.26680064201355,4.9313604831695566,"(3.298, 3.398]"
0.9999807920732721,1.012036556940624,0.11186440677966103,0.983050847457627,3.454840234478345,150,"[-12, 13]",200,"[-16, 18]",200,1.1794614791870115,4.9403235912323,"(3.398, 3.498]"
0.9999890555563044,1.0264895838674557,0.13220338983050847,0.9338983050847456,3.5970996587655417,150,"[-12, 13]",200,"[-17, 18]",200,8.299434900283812,4.892112731933594,"(3.498, 3.597]"
0.9999824288589274,1.0400661977962329,0.10169491525423728,1.0322033898305083,3.6472198896818386,150,"[-13, 14]",200,"[-16, 18]",200,7.0460455417633066,4.930988311767578,"(3.597, 3.697]"
0.9999768805114109,1.0556742436721809,0.11186440677966103,1.0076271186440675,3.7560286755999797,150,"[-13, 14]",200,"[-16, 18]",200,1.1854629516601562,4.947159767150879,"(3.697, 3.797]"
0.9999812188882472,1.07217465644495,0.08644067796610169,1.1059322033898304,3.891776442458036,150,"[-13, 14]",200,"[-16, 17]",200,2.365065813064575,4.947910070419312,"(3.797, 3.897]"
0.9999764742759524,1.085172243112679,0.10169491525423728,1.056779661016949,3.9584993009149176,150,"[-13, 14]",200,"[-16, 18]",200,2.3581833839416504,4.942747354507446,"(3.897, 3.997]"
0.9999851334119408,1.1030603122812213,0.11186440677966103,1.0322033898305083,4.0809531744035965,150,"[-13, 14]",200,"[-17, 18]",200,1.1831750869750977,4.935108661651611,"(3.997, 4.097]"
0.9999850253690572,1.1155260498372228,0.10677966101694916,1.056779661016949,4.190514690103663,150,"[-13, 14]",200,"[-17, 18]",200,2.378141164779663,4.898544788360597,"(4.097, 4.197]"
0.9999872438784936,1.1308431002530028,0.10169491525423728,1.08135593220339,4.293889114888822,150,"[-13, 14]",200,"[-17, 18]",200,2.344048500061035,4.924479961395264,"(4.197, 4.297]"
0.9999801451176494,1.1456019349101845,0.0966101694915254,1.1059322033898304,4.390098529100986,150,"[-13, 14]",200,"[-17, 18]",200,2.360227346420288,4.925747871398926,"(4.297, 4.397]"
0.9999874647448548,1.1536339331194707,0.09152542372881356,1.1305084745762712,4.478210729443976,150,"[-13, 14]",200,"[-17, 18]",200,2.431249618530273,4.939026832580566,"(4.397, 4.497]"
0.9999725335099596,1.1637466566873402,0.08644067796610169,1.1550847457627118,4.557506649912484,150,"[-13, 14]",200,"[-16, 18]",200,2.368536949157715,4.909899711608887,"(4.497, 4.597]"
0.9999835971689762,1.1769253057257612,0.10169491525423728,1.1059322033898304,4.654704525459321,150,"[-13, 14]",200,"[-17, 18]",200,1.1787757873535156,4.9304771423339835,"(4.597, 4.697]"
0.9999787095918744,1.1916177564621555,0.0966101694915254,1.1305084745762712,4.755120069158884,150,"[-14, 15]",200,"[-17, 18]",200,2.3516721725463867,4.917742729187012,"(4.697, 4.797]"
0.9999836655721304,1.1998629983670868,0.09152542372881356,1.1550847457627118,4.846499175670656,150,"[-13, 14]",200,"[-17, 18]",200,2.4449009895324707,4.932278871536255,"(4.797, 4.897]"
0.9999677811455796,1.2095081365854254,0.08644067796610169,1.1796610169491526,4.928080209398791,150,"[-14, 15]",200,"[-16, 18]",200,2.386561870574951,4.910504102706909,"(4.897, 4.997]"
0.9999831021536842,1.2242125488356888,0.10169491525423728,1.1305084745762712,5.042192836084793,150,"[-14, 15]",200,"[-17, 18]",200,1.170525312423706,4.953855276107788,"(4.997, 5.096]"
0.999972758148216,1.238472159232358,0.0966101694915254,1.1550847457627118,5.146917365562421,150,"[-14, 15]",200,"[-17, 18]",200,2.3632583618164062,5.077252864837647,"(5.096, 5.196]"
0.9999811261801574,1.2456797799311599,0.09152542372881356,1.1796610169491526,5.241610106490294,150,"[-14, 15]",200,"[-17, 18]",200,2.4284656047821045,5.047060966491699,"(5.196, 5.296]"
0.9999820312232762,1.2550549549364036,0.08644067796610169,1.2042372881355932,5.325471733956294,150,"[-14, 15]",200,"[-17, 18]",200,2.3719210624694824,4.987070322036743,"(5.296, 5.396]"
0.9999788402371624,1.2711337004258738,0.10169491525423728,1.1550847457627118,5.457506247422984,150,"[-14, 15]",200,"[-17, 18]",200,1.1800296306610107,4.920387268066406,"(5.396, 5.496]"
0.9999655798798996,1.2856721025256472,0.0966101694915254,1.1796610169491526,5.566637561554193,150,"[-14, 15]",200,"[-17, 18]",200,1.1924448013305664,4.917919158935547,"(5.496, 5.596]"
0.999976075468332,1.2926656662926606,0.09152542372881356,1.2042372881355932,5.664689717812309,150,"[-14, 15]",200,"[-17, 18]",200,1.2329344749450684,5.047007083892822,"(5.596, 5.696]"
0.9999875663940097,1.3030516058131167,0.10677966101694916,1.1550847457627118,5.777268930483344,150,"[-14, 15]",200,"[-18, 19]",200,2.373791217803955,4.942460775375366,"(5.696, 5.796]"
0.9999687900235132,1.3144961873713044,0.07627118644067796,1.277966101694915,5.882627559990237,150,"[-14, 15]",200,"[-17, 18]",200,2.39635968208313,4.967246770858765,"(5.796, 5.896]"
0.9999715378165398,1.3186215854960606,0.0711864406779661,1.302542372881356,5.926481824880997,150,"[-14, 15]",200,"[-17, 18]",200,2.361051082611084,4.929957389831543,"(5.896, 5.996]"
