Wnorm,WLN,gamma,r,nmean,Ndim,xbound,xcount,ybound,ycount,time1,time2
0.999984858885404,0.3674627913700711,0.5,0.05,1.0327221721160884,150,"[-10.0, 10.5]",400,"[-10.5, 15.5]",400,31.3820641040802,30.758791208267212
0.999984858885404,0.3674627913700711,0.5,0.05,1.0327221721160884,150,"[-10.0, 10.5]",400,"[-10.5, 15.5]",400,30.20539879798889,29.96382999420166
0.9999862025907231,0.38816533361447714,0.5263157894736842,0.05,1.1437887987942772,150,"[-10.0, 10.5]",400,"[-11.0, 16.5]",400,32.597567081451416,30.064356327056885
0.9999766680057137,0.4070048128950917,0.5526315789473684,0.05,1.260415125285934,150,"[-9.5, 10.0]",400,"[-11.0, 16.5]",400,32.73236393928528,30.21783208847046
0.9999737344442194,0.4323697374868697,0.5789473684210527,0.05,1.3825593201235664,150,"[-10.0, 10.5]",400,"[-10.5, 17.0]",400,33.83268880844116,29.846854209899902
0.999959623801894,0.4555201650942931,0.6052631578947368,0.05,1.5101237035842228,150,"[-10.0, 10.5]",400,"[-11.0, 17.0]",400,33.93792462348938,30.00118374824524
0.9999422598457874,0.473131417175449,0.631578947368421,0.05,1.6429945040205047,150,"[-10.0, 10.5]",400,"[-11.0, 17.0]",400,34.408371448516846,30.238734006881714
0.9999283077967315,0.4873962748114677,0.6578947368421053,0.05,1.7811067009525903,150,"[-10.0, 10.5]",400,"[-11.5, 17.5]",400,35.43525719642639,30.37831997871399
0.999907911081618,0.5131379997137054,0.6842105263157895,0.05,1.9243983341136413,150,"[-10.0, 10.5]",400,"[-11.0, 18.0]",400,36.51455044746399,30.045300245285034
0.9998694342369288,0.5391145708125512,0.7105263157894737,0.05,2.0727170576534943,150,"[-10.0, 10.5]",400,"[-11.0, 17.5]",400,35.46038770675659,30.494670391082764
0.9999810517676041,0.5613806181868581,0.7368421052631579,0.05,2.2258281836696256,150,"[-10.5, 11.0]",400,"[-17.0, 17.5]",400,35.75555920600891,31.96817708015442
0.9999940522900919,0.5762915639979345,0.763157894736842,0.05,2.383544421279844,150,"[-10.0, 10.5]",400,"[-17.5, 17.5]",400,36.99291014671326,32.04604959487915
0.9999983617202254,0.5850256233008506,0.7894736842105263,0.05,2.5457727390014275,150,"[-10.0, 10.5]",400,"[-17.5, 18.0]",400,39.06635785102844,31.219261169433594
0.9999938881952453,0.6019893179437315,0.8157894736842105,0.05,2.71245688088223,150,"[-10.0, 10.5]",400,"[-17.0, 18.0]",400,38.44597506523132,32.15125870704651
0.9999915886468174,0.6306596954390616,0.8421052631578947,0.05,2.883479418894483,150,"[-10.0, 10.5]",400,"[-17.0, 18.0]",400,38.32133984565735,31.087460041046143
0.9999739237817844,0.6583270117304462,0.868421052631579,0.05,3.058563368721019,150,"[-10.5, 11.0]",400,"[-17.0, 18.0]",400,39.93528914451599,34.880518674850464
0.9999748523081391,0.681718071575403,0.8947368421052632,0.05,3.237313860862924,150,"[-10.5, 11.0]",400,"[-17.5, 18.0]",400,371.13268184661865,33.750422954559326
0.9999750127908403,0.6986790122483472,0.9210526315789473,0.05,3.419437710532485,150,"[-10.5, 11.0]",400,"[-17.5, 18.0]",400,37.15478181838989,30.16218090057373
0.9999820655611578,0.7086231045936402,0.9473684210526315,0.05,3.6047962827262707,150,"[-10.5, 11.0]",400,"[-17.5, 17.5]",400,35.45003652572632,30.155816316604614
0.9999918631372618,0.7119370952065611,0.9736842105263157,0.05,3.7932806874608147,150,"[-10.0, 10.5]",400,"[-17.5, 18.0]",400,36.6379611492157,30.119025230407715
0.9999980546109044,0.7161258979764971,1.0,0.05,3.984843495359022,150,"[-10.0, 10.5]",400,"[-17.5, 18.0]",400,36.30767273902893,30.069302082061768
0.9999804718507637,0.3972557825381144,0.5,0.0736842105263158,1.1378255845241536,150,"[-10.0, 10.5]",400,"[-10.5, 16.0]",400,31.53208017349243,30.1031973361969
0.9999804718507637,0.3972557825381144,0.5,0.0736842105263158,1.1378255845241536,150,"[-10.0, 10.5]",400,"[-10.5, 16.0]",400,31.62091851234436,30.086812734603882
0.9999785916916517,0.4188419909977806,0.5263157894736842,0.0736842105263158,1.259790494963156,150,"[-10.0, 10.5]",400,"[-11.0, 16.5]",400,32.81988048553467,30.154629707336426
0.9999641810107317,0.43779459368464635,0.5526315789473684,0.0736842105263158,1.3878025305984412,150,"[-10.0, 10.5]",400,"[-11.0, 16.5]",400,32.81194615364075,30.08266854286194
0.9999636941274359,0.4648419908155673,0.5789473684210527,0.0736842105263158,1.5218053387820087,150,"[-10.0, 10.5]",400,"[-10.5, 17.5]",400,35.15969204902649,29.919162273406982
0.9999399101618087,0.4893635847355547,0.6052631578947368,0.0736842105263158,1.6616626930952805,150,"[-10.0, 10.5]",400,"[-11.0, 17.0]",400,34.10982084274292,29.877893924713135
0.9999153199678272,0.5073854459100926,0.631578947368421,0.0736842105263158,1.8072155250748831,150,"[-10.0, 10.5]",400,"[-11.0, 17.5]",400,35.380455017089844,29.9121515750885
0.9998956390248904,0.5212058897118699,0.6578947368421053,0.0736842105263158,1.9583778001573733,150,"[-10.0, 10.5]",400,"[-11.5, 17.5]",400,35.1930832862854,29.91104793548584
0.9998680185088157,0.5482841447760101,0.6842105263157895,0.0736842105263158,2.1150746088378805,150,"[-10.0, 10.5]",400,"[-11.0, 18.0]",400,36.30157470703125,30.07448172569275
0.9998227974497885,0.5760951967089936,0.7105263157894737,0.0736842105263158,2.2771104342235313,150,"[-10.5, 11.0]",400,"[-11.5, 18.0]",400,36.394165992736816,30.118278741836548
0.9999890162566526,0.5996106078582293,0.7368421052631579,0.0736842105263158,2.4441749789953304,150,"[-10.5, 11.0]",400,"[-17.5, 17.5]",400,35.145254611968994,30.10604453086853
0.9999923692054974,0.6148566202308746,0.763157894736842,0.0736842105263158,2.6160288147964956,150,"[-10.5, 11.0]",400,"[-17.5, 17.5]",400,35.41178011894226,29.991520881652832
0.9999976446529334,0.6228016098799369,0.7894736842105263,0.0736842105263158,2.7925587372732488,150,"[-10.0, 10.5]",400,"[-17.5, 18.0]",400,36.657301902770996,29.96507501602173
0.9999982246783983,0.6390958021417735,0.8157894736842105,0.0736842105263158,2.9737040696835613,150,"[-10.0, 10.5]",400,"[-17.5, 18.0]",400,36.51692605018616,29.984256982803345
0.9999904448059713,0.669685386585483,0.8421052631578947,0.0736842105263158,3.1593388119067667,150,"[-10.5, 11.0]",400,"[-17.0, 18.0]",400,36.423901319503784,29.890864372253418
0.9999675946399343,0.698988970664802,0.868421052631579,0.0736842105263158,3.3491249033027684,150,"[-10.5, 11.0]",400,"[-17.0, 18.0]",400,36.588324546813965,29.846080780029297
0.999967997868974,0.7235481967646782,0.8947368421052632,0.0736842105263158,3.542559466170217,150,"[-10.5, 11.0]",400,"[-17.5, 18.0]",400,36.52471923828125,29.902494192123413
0.9999680816465086,0.7409155169908397,0.9210526315789473,0.0736842105263158,3.739294089855016,150,"[-10.5, 11.0]",400,"[-17.5, 18.0]",400,36.40348672866821,29.8372220993042
0.9999770359370979,0.7507207022987998,0.9473684210526315,0.0736842105263158,3.939187998394882,150,"[-10.5, 11.0]",400,"[-17.5, 18.0]",400,36.51245474815369,29.858108043670654
0.9999900470922419,0.7532949980619654,0.9736842105263157,0.0736842105263158,4.142102442468808,150,"[-10.5, 11.0]",400,"[-17.5, 18.0]",400,36.617650508880615,29.882280826568604
0.9999975053699356,0.7559882935446661,1.0,0.0736842105263158,4.347983211371863,150,"[-10.0, 10.5]",400,"[-17.5, 18.0]",400,36.40697908401489,29.971543788909912
0.9999822806810267,0.4282407545030268,0.5,0.09736842105263158,1.2540901366080819,150,"[-10.0, 10.5]",400,"[-10.5, 16.5]",400,32.82251286506653,30.017977952957153
0.9999822806810267,0.4282407545030268,0.5,0.09736842105263158,1.2540901366080819,150,"[-10.0, 10.5]",400,"[-10.5, 16.5]",400,32.824584007263184,29.909427165985107
0.9999726054507944,0.4507483756463583,0.5263157894736842,0.09736842105263158,1.3879651334526302,150,"[-10.0, 10.5]",400,"[-11.0, 17.0]",400,34.00866746902466,29.904027700424194
0.9999599699046493,0.4696334227814881,0.5526315789473684,0.09736842105263158,1.5283956114654238,150,"[-10.0, 10.5]",400,"[-11.0, 17.0]",400,34.057053089141846,29.947301149368286
0.9999457585638856,0.49839750881068,0.5789473684210527,0.09736842105263158,1.675307557882704,150,"[-10.0, 10.5]",400,"[-10.5, 17.5]",400,35.19218039512634,30.034769535064697
0.9999123421210282,0.5245241521285716,0.6052631578947368,0.09736842105263158,1.8285145837662857,150,"[-10.5, 11.0]",400,"[-11.0, 17.0]",400,33.94284987449646,29.766068696975708
0.9998804453583072,0.543042158589502,0.631578947368421,0.09736842105263158,1.9877985496281345,150,"[-10.0, 10.5]",400,"[-11.5, 17.5]",400,35.229631662368774,29.82335925102234
0.9998584569525478,0.556084018396512,0.6578947368421053,0.09736842105263158,2.153047909436927,150,"[-10.0, 10.5]",400,"[-12.5, 18.0]",400,36.35107970237732,29.804057598114014
0.9998139326454768,0.5844208312223381,0.6842105263157895,0.09736842105263158,2.3241749569890824,150,"[-10.0, 10.5]",400,"[-11.0, 18.0]",400,36.20946550369263,29.82681131362915
0.9999850347981902,0.6145873828822405,0.7105263157894737,0.09736842105263158,2.500933547645289,150,"[-10.5, 11.0]",400,"[-17.0, 18.0]",400,36.30013585090637,29.819993019104004
0.9999853026649426,0.6388882595873557,0.7368421052631579,0.09736842105263158,2.682918662787976,150,"[-10.5, 11.0]",400,"[-17.5, 17.5]",400,35.25112462043762,29.844719886779785
0.999989624562271,0.6543813271355517,0.763157894736842,0.09736842105263158,2.869830683888115,150,"[-10.5, 11.0]",400,"[-17.5, 17.5]",400,35.322415590286255,29.818368673324585
0.9999966906415446,0.6615411100275768,0.7894736842105263,0.09736842105263158,3.061534303649617,150,"[-10.0, 10.5]",400,"[-17.5, 18.0]",400,36.598318576812744,29.845834970474243
0.9999978788655574,0.677196854673789,0.8157894736842105,0.09736842105263158,3.2579658154172657,150,"[-10.0, 10.5]",400,"[-17.5, 18.0]",400,36.38959527015686,29.827698469161987
0.9999883038894667,0.7094147469823596,0.8421052631578947,0.09736842105263158,3.458999124300513,150,"[-10.5, 11.0]",400,"[-17.0, 18.0]",400,36.366523027420044,29.800682067871094
0.9999601347800325,0.7405384136416409,0.868421052631579,0.09736842105263158,3.6642273708052775,150,"[-10.5, 11.0]",400,"[-17.0, 18.0]",400,36.54755973815918,29.9014732837677
0.9999597756549516,0.7662219700134139,0.8947368421052632,0.09736842105263158,3.873013078248058,150,"[-10.5, 11.0]",400,"[-17.5, 18.0]",400,36.69052577018738,29.897907972335815
0.9999597880896093,0.7839532543640853,0.9210526315789473,0.09736842105263158,4.0849513075466195,150,"[-10.5, 11.0]",400,"[-17.5, 18.0]",400,36.50078535079956,29.922966957092285
0.9999707159871007,0.7936294640650537,0.9473684210526315,0.09736842105263158,4.2999142428587085,150,"[-10.5, 11.0]",400,"[-17.5, 18.0]",400,36.546417474746704,29.976632118225098
0.9999870813867481,0.7952291495824223,0.9736842105263157,0.09736842105263158,4.517720730164986,150,"[-10.5, 11.0]",400,"[-17.5, 18.0]",400,36.36864924430847,30.006155252456665
0.9999968304584378,0.7964256769642173,1.0,0.09736842105263158,4.738304285523342,150,"[-10.0, 10.5]",400,"[-17.5, 18.0]",400,36.45148491859436,30.033191204071045
0.9999725341301653,0.4604534966002958,0.5,0.12105263157894737,1.3824561785679952,150,"[-10.0, 10.5]",400,"[-10.5, 16.5]",400,32.88073372840881,30.069570541381836
0.9999725341301653,0.4604534966002958,0.5,0.12105263157894737,1.3824561785679952,150,"[-10.0, 10.5]",400,"[-10.5, 16.5]",400,32.74219059944153,30.020254135131836
0.9999584027268457,0.48386617551638933,0.5263157894736842,0.12105263157894737,1.5293233871112941,150,"[-10.0, 10.5]",400,"[-11.0, 17.0]",400,33.99660325050354,30.022599458694458
0.9999438952479405,0.5025276013834217,0.5526315789473684,0.12105263157894737,1.6832686028137365,150,"[-10.0, 10.5]",400,"[-11.0, 17.5]",400,35.12972331047058,30.056453943252563
0.9999218010379657,0.5331497293105336,0.5789473684210527,0.12105263157894737,1.8441971123010583,150,"[-10.0, 10.5]",400,"[-11.0, 17.5]",400,35.28900170326233,30.03303337097168
0.9998776873656978,0.5607958615092158,0.6052631578947368,0.12105263157894737,2.0118584807808313,150,"[-10.5, 11.0]",400,"[-11.0, 17.5]",400,35.130550146102905,30.031220197677612
0.9999961442087322,0.5801611669992555,0.631578947368421,0.12105263157894737,2.1859590593481584,150,"[-10.5, 11.0]",400,"[-17.5, 17.5]",400,35.42231321334839,30.046850204467773
0.9999993269796654,0.5924871764064457,0.6578947368421053,0.12105263157894737,2.3663570807687053,150,"[-10.0, 10.5]",400,"[-17.5, 18.0]",400,36.34703040122986,30.023191690444946
0.9999954283010108,0.6220790623457302,0.6842105263157895,0.12105263157894737,2.552953520646421,150,"[-10.5, 11.0]",400,"[-17.0, 18.0]",400,36.25106620788574,30.067338705062866
0.9999808347888379,0.6537940406058166,0.7105263157894737,0.12105263157894737,2.745444487806075,150,"[-10.5, 11.0]",400,"[-17.0, 18.0]",400,36.369345903396606,30.062538146972656
0.9999813009542902,0.6792265113675544,0.7368421052631579,0.12105263157894737,2.943307304224368,150,"[-10.5, 11.0]",400,"[-17.5, 18.0]",400,36.482091188430786,30.056547164916992
0.9999861379028082,0.6949134631780987,0.763157894736842,0.12105263157894737,3.146175357495604,150,"[-10.5, 11.0]",400,"[-17.5, 17.5]",400,35.32356286048889,29.710071325302124
0.9999954481821204,0.7012010526041281,0.7894736842105263,0.12105263157894737,3.3538896392217428,150,"[-10.0, 10.5]",400,"[-17.5, 18.0]",400,36.534372091293335,29.646716833114624
0.9999974758551198,0.7160567974145268,0.8157894736842105,0.12105263157894737,3.5663845452235985,150,"[-10.0, 10.5]",400,"[-17.5, 18.0]",400,36.51517963409424,30.12234902381897
0.9999857921023115,0.7498738845836278,0.8421052631578947,0.12105263157894737,3.783547774819108,150,"[-10.5, 11.0]",400,"[-17.0, 18.0]",400,36.37976622581482,30.099060535430908
0.9999653898897463,0.7831603428464462,0.868421052631579,0.12105263157894737,4.004896333732996,150,"[-10.5, 11.0]",400,"[-17.5, 18.0]",400,36.454009771347046,30.158087968826294
0.9999500284778661,0.8096111047289365,0.8947368421052632,0.12105263157894737,4.229624487177879,150,"[-10.5, 11.0]",400,"[-17.5, 18.0]",400,36.6213014125824,30.033205032348633
0.9999500010567995,0.8276132353981529,0.9210526315789473,0.12105263157894737,4.4572730655130846,150,"[-10.5, 11.0]",400,"[-17.5, 18.0]",400,36.451443910598755,30.07131552696228
0.9999631546324299,0.8371594951963326,0.9473684210526315,0.12105263157894737,4.687750682356897,150,"[-10.5, 11.0]",400,"[-17.5, 18.0]",400,36.48792576789856,30.02774167060852
0.9999834892811399,0.8377686972463118,0.9736842105263157,0.12105263157894737,4.92081504186679,150,"[-10.5, 11.0]",400,"[-17.5, 18.0]",400,36.34986090660095,30.00227642059326
0.9999960166261066,0.8373501939098552,1.0,0.12105263157894737,5.156377835135036,150,"[-10.0, 10.5]",400,"[-17.5, 18.0]",400,36.40363550186157,30.011127948760986
0.9999603223084714,0.49390890430662343,0.5,0.14473684210526316,1.5239312381835914,150,"[-10.5, 11.0]",400,"[-10.5, 17.0]",400,33.767741203308105,29.996793270111084
0.9999603223084714,0.49390890430662343,0.5,0.14473684210526316,1.5239312381835914,150,"[-10.5, 11.0]",400,"[-10.5, 17.0]",400,33.88147258758545,30.044663190841675
0.999938036428188,0.5182217271233898,0.5263157894736842,0.14473684210526316,1.6849401599039913,150,"[-10.0, 10.5]",400,"[-11.0, 17.0]",400,34.042519092559814,30.034159183502197
0.9999194892470887,0.5365124960708163,0.5526315789473684,0.14473684210526316,1.8535545817439354,150,"[-10.0, 10.5]",400,"[-11.5, 17.5]",400,35.13551354408264,30.040300369262695
0.9998874501776588,0.569003019441549,0.5789473684210527,0.14473684210526316,2.029656537711445,150,"[-10.5, 11.0]",400,"[-11.0, 17.5]",400,35.183789014816284,30.068201780319214
0.9999841816945451,0.5985899351935007,0.6052631578947368,0.14473684210526316,2.2129152884847483,150,"[-10.5, 11.0]",400,"[-17.0, 17.5]",400,35.36353325843811,29.98860239982605
0.9999945680486014,0.61811204011141,0.631578947368421,0.14473684210526316,2.4029425207620125,150,"[-10.5, 11.0]",400,"[-17.5, 17.5]",400,35.408753871917725,29.861910581588745
0.9999990583011817,0.6295788906187816,0.6578947368421053,0.14473684210526316,2.5995615458382377,150,"[-10.0, 10.5]",400,"[-17.5, 18.0]",400,36.55670642852783,29.843859910964966
0.9999941047529509,0.6602363575112837,0.6842105263157895,0.14473684210526316,2.802665286587346,150,"[-10.5, 11.0]",400,"[-17.0, 18.0]",400,36.41197967529297,29.91642999649048
0.9999757382300808,0.6939979920455353,0.7105263157894737,0.14473684210526316,3.01188607002128,150,"[-10.5, 11.0]",400,"[-17.0, 18.0]",400,36.535552978515625,29.96047616004944
0.9999757488428969,0.7205297380857838,0.7368421052631579,0.14473684210526316,3.2265559515305635,150,"[-10.5, 11.0]",400,"[-17.5, 18.0]",400,36.4799644947052,29.950706243515015
0.9999817800774815,0.7363849361347339,0.763157894736842,0.14473684210526316,3.446237111887352,150,"[-10.5, 11.0]",400,"[-17.5, 17.5]",400,35.24123740196228,29.97053098678589
0.9999943334580857,0.741794131996558,0.7894736842105263,0.14473684210526316,3.670745605847441,150,"[-10.5, 11.0]",400,"[-17.5, 18.0]",400,36.63322401046753,30.062748193740845
0.9999970079122422,0.7555844460015257,0.8157894736842105,0.14473684210526316,3.9000140245430277,150,"[-10.0, 10.5]",400,"[-17.5, 18.0]",400,36.4686713218689,30.01969599723816
0.9999828720513355,0.7909539647235158,0.8421052631578947,0.14473684210526316,4.133965110824754,150,"[-10.5, 11.0]",400,"[-17.0, 18.0]",400,36.44685673713684,30.056946277618408
0.9999576395333658,0.826120879338334,0.868421052631579,0.14473684210526316,4.372033169107878,150,"[-10.5, 11.0]",400,"[-17.5, 18.0]",400,36.33781862258911,29.7950382232666
0.9999386020246799,0.8536081612226165,0.8947368421052632,0.14473684210526316,4.613201276098053,150,"[-10.5, 11.0]",400,"[-17.5, 18.0]",400,36.57144069671631,29.799338817596436
0.9999428894171059,0.871917349417994,0.9210526315789473,0.14473684210526316,4.856963379202405,150,"[-11.0, 11.5]",400,"[-17.5, 18.0]",400,36.44070863723755,29.852530241012573
0.9999584611252389,0.8812964167721056,0.9473684210526315,0.14473684210526316,5.103299067568446,150,"[-10.5, 11.0]",400,"[-18.0, 18.0]",400,36.441230058670044,29.841970205307007
0.9999791967731547,0.8807721592674477,0.9736842105263157,0.14473684210526316,5.351877605869301,150,"[-10.5, 11.0]",400,"[-17.5, 18.0]",400,36.46615266799927,29.832629919052124
0.9999954892087736,0.878739150117432,1.0,0.14473684210526316,5.602573641199712,150,"[-10.5, 11.0]",400,"[-17.5, 18.0]",400,36.37092876434326,29.786966800689697
0.9999408197432477,0.5284435825209026,0.5,0.16842105263157897,1.679587219862498,150,"[-10.5, 11.0]",400,"[-10.5, 17.0]",400,34.03356885910034,29.841878414154053
0.9999408197432477,0.5284435825209026,0.5,0.16842105263157897,1.679587219862498,150,"[-10.5, 11.0]",400,"[-10.5, 17.0]",400,33.91071939468384,29.793578147888184
0.9999095551802322,0.5537572425404889,0.5263157894736842,0.16842105263157897,1.8559493413271493,150,"[-10.5, 11.0]",400,"[-11.0, 17.5]",400,35.100627183914185,29.865233421325684
0.9998837021044376,0.5714518470772667,0.5526315789473684,0.16842105263157897,2.040437526954483,150,"[-10.0, 10.5]",400,"[-11.5, 17.5]",400,35.05417990684509,29.878425359725952
0.999994811355914,0.6062255319990295,0.5789473684210527,0.16842105263157897,2.2329090254179844,150,"[-10.5, 11.0]",400,"[-17.0, 18.0]",400,36.26495027542114,29.838416814804077
0.9999789300387976,0.6372501464936657,0.6052631578947368,0.16842105263157897,2.4329341179877333,150,"[-10.5, 11.0]",400,"[-17.0, 17.5]",400,35.1135938167572,29.81342363357544
0.9999924965430481,0.6571569717905145,0.631578947368421,0.16842105263157897,2.6400080459702586,150,"[-10.5, 11.0]",400,"[-17.5, 17.5]",400,35.31865882873535,29.871329069137573
0.9999986966915256,0.6675905194041474,0.6578947368421053,0.16842105263157897,2.853914782820407,150,"[-10.0, 10.5]",400,"[-17.5, 18.0]",400,36.522273540496826,29.841841459274292
0.9999924608011074,0.6992683786111901,0.6842105263157895,0.16842105263157897,3.0745447261790413,150,"[-10.5, 11.0]",400,"[-17.0, 18.0]",400,36.37471914291382,29.828094720840454
0.9999696211328523,0.7351511398662363,0.7105263157894737,0.16842105263157897,3.301462489681091,150,"[-10.5, 11.0]",400,"[-17.0, 18.0]",400,36.45223903656006,29.806182384490967
0.9999689834146976,0.7627367236733993,0.7368421052631579,0.16842105263157897,3.5338214262291228,150,"[-10.5, 11.0]",400,"[-17.5, 18.0]",400,36.41553282737732,29.828348875045776
0.9999766711950616,0.7786856068327337,0.763157894736842,0.16842105263157897,3.771112697459949,150,"[-10.5, 11.0]",400,"[-17.5, 18.0]",400,36.39181661605835,29.825953245162964
0.9999924929191627,0.7830514757922105,0.7894736842105263,0.16842105263157897,4.0131264994844855,150,"[-10.5, 11.0]",400,"[-17.5, 18.0]",400,36.55430817604065,29.81044292449951
0.9999964670728315,0.7957009148611441,0.8157894736842105,0.16842105263157897,4.259791474207607,150,"[-10.0, 10.5]",400,"[-17.5, 18.0]",400,36.52431607246399,29.80449891090393
0.9999795092691027,0.8325927108558087,0.8421052631578947,0.16842105263157897,4.5110964352243625,150,"[-10.5, 11.0]",400,"[-17.0, 18.0]",400,36.42918276786804,29.828335762023926
0.999948671806873,0.869479160469013,0.868421052631579,0.16842105263157897,4.766387627147365,150,"[-10.5, 11.0]",400,"[-17.5, 18.5]",400,37.819565296173096,29.822736501693726
0.9999306686232295,0.8980621525619176,0.8947368421052632,0.16842105263157897,5.0243819449617355,150,"[-11.0, 11.5]",400,"[-17.5, 18.0]",400,36.78379249572754,29.887441635131836
0.999935512757342,0.9165138123237495,0.9210526315789473,0.16842105263157897,5.284540573784036,150,"[-11.0, 11.5]",400,"[-18.0, 18.0]",400,36.361435413360596,29.858187675476074
0.9999489223903012,0.9257442162381322,0.9473684210526315,0.16842105263157897,5.546962903407811,150,"[-10.5, 11.0]",400,"[-18.0, 18.0]",400,36.590086698532104,29.86273455619812
0.9999780745698015,0.924094893700848,0.9736842105263157,0.16842105263157897,5.811190994138512,150,"[-10.5, 11.0]",400,"[-18.0, 18.0]",400,36.65834856033325,29.815678119659424
0.9999944612216791,0.9202878523816626,1.0,0.16842105263157897,6.077039697057431,150,"[-10.5, 11.0]",400,"[-17.5, 18.0]",400,36.51093053817749,29.919527292251587
0.9999133005897309,0.5641504656607816,0.5,0.19210526315789472,1.8505553159391668,150,"[-10.5, 11.0]",400,"[-10.5, 17.0]",400,34.02886366844177,29.994675636291504
0.9999133005897309,0.5641504656607816,0.5,0.19210526315789472,1.8505553159391668,150,"[-10.5, 11.0]",400,"[-10.5, 17.0]",400,33.91427659988403,30.047738313674927
0.9998700087501455,0.5903349234391326,0.5263157894736842,0.19210526315789472,2.0435359221260856,150,"[-10.5, 11.0]",400,"[-11.0, 17.5]",400,35.0464506149292,29.862367868423462
0.9999939481897617,0.607793009189497,0.5526315789473684,0.19210526315789472,2.2451414793385136,150,"[-10.0, 10.5]",400,"[-17.0, 18.0]",400,36.297314167022705,29.971396923065186
0.9999932926641006,0.6442337930321897,0.5789473684210527,0.19210526315789472,2.4552046174723614,150,"[-10.5, 11.0]",400,"[-17.0, 18.0]",400,36.550524950027466,30.055540800094604
0.9999723317144925,0.6769490687573898,0.6052631578947368,0.19210526315789472,2.6731755770050936,150,"[-10.5, 11.0]",400,"[-17.0, 17.5]",400,35.18496632575989,30.043890237808228
0.9999898228952118,0.6972410549903638,0.631578947368421,0.19210526315789472,2.8984090116769368,150,"[-10.5, 11.0]",400,"[-17.5, 17.5]",400,35.157925844192505,30.089279174804688
0.9999982197807404,0.7064920159196921,0.6578947368421053,0.19210526315789472,3.1306457402822057,150,"[-10.0, 10.5]",400,"[-17.5, 18.0]",400,36.413554191589355,30.04106831550598
0.9999904417433769,0.7390765616644832,0.6842105263157895,0.19210526315789472,3.3697818711806793,150,"[-10.5, 11.0]",400,"[-17.0, 18.0]",400,36.37976813316345,30.10329794883728
0.9999623552189914,0.7771318810015031,0.7105263157894737,0.19210526315789472,3.6153138281760544,150,"[-10.5, 11.0]",400,"[-17.0, 18.0]",400,36.56652307510376,30.039480686187744
0.9999608516527384,0.8057337639894562,0.7368421052631579,0.19210526315789472,3.86617541404096,150,"[-10.5, 11.0]",400,"[-17.5, 18.0]",400,36.47691082954407,30.02732276916504
0.9999702530791259,0.82170682948454,0.763157894736842,0.19210526315789472,4.121793713320014,150,"[-10.5, 11.0]",400,"[-17.5, 18.0]",400,36.792624711990356,30.022759914398193
0.9999902210913717,0.8249801841914293,0.7894736842105263,0.19210526315789472,4.381932300091818,150,"[-10.5, 11.0]",400,"[-17.5, 18.0]",400,36.71884632110596,30.010525941848755
0.999996264857055,0.8363825564435605,0.8157894736842105,0.19210526315789472,4.646509778556569,150,"[-10.5, 11.0]",400,"[-17.5, 18.0]",400,36.70240378379822,29.910046339035034
0.999975673961475,0.8746585048963504,0.8421052631578947,0.19210526315789472,4.915624774903198,150,"[-10.5, 11.0]",400,"[-17.0, 18.0]",400,36.64714550971985,29.913108587265015
0.9999428605609261,0.913515962285391,0.868421052631579,0.19210526315789472,5.188531813374489,150,"[-11.0, 11.5]",400,"[-17.5, 18.5]",400,37.827653646469116,29.816834211349487
0.9999165696117679,0.9429061158729302,0.8947368421052632,0.19210526315789472,5.463611110275162,150,"[-11.0, 11.5]",400,"[-17.5, 18.5]",400,38.04661679267883,29.839043617248535
0.9999226096505452,0.9613468771741553,0.9210526315789473,0.19210526315789472,5.740313986901164,150,"[-11.0, 11.5]",400,"[-18.0, 18.0]",400,36.597506046295166,29.76142430305481
0.9999425742245621,0.9705746689601811,0.9473684210526315,0.19210526315789472,6.0189264180627005,150,"[-11.0, 11.5]",400,"[-18.0, 18.0]",400,36.75944113731384,29.75825309753418
0.99997299685038,0.9676688472359808,0.9736842105263157,0.19210526315789472,6.29880956926347,150,"[-10.5, 11.0]",400,"[-18.0, 18.0]",400,36.71812725067139,29.78036642074585
0.9999932854373318,0.961984639674618,1.0,0.19210526315789472,6.579686150144635,150,"[-10.5, 11.0]",400,"[-17.5, 18.0]",400,36.66061854362488,29.98983383178711
0.9998814133873783,0.6009656940833176,0.5,0.21578947368421053,2.038018303111889,150,"[-10.5, 11.0]",400,"[-10.5, 17.5]",400,35.100173473358154,29.848789930343628
0.9998814133873783,0.6009656940833176,0.5,0.21578947368421053,2.038018303111889,150,"[-10.5, 11.0]",400,"[-10.5, 17.5]",400,35.1248574256897,29.959381580352783
0.9998237190192587,0.6281667183699471,0.5263157894736842,0.21578947368421053,2.248925212078727,150,"[-10.5, 11.0]",400,"[-12.0, 17.5]",400,35.16024422645569,29.933905363082886
0.9999991733553417,0.6447948039106387,0.5526315789473684,0.21578947368421053,2.468916643529401,150,"[-10.0, 10.5]",400,"[-17.5, 18.0]",400,36.45732021331787,30.023821115493774
0.9999914226461086,0.6831885466406739,0.5789473684210527,0.21578947368421053,2.6978033018669043,150,"[-10.5, 11.0]",400,"[-17.0, 18.0]",400,36.42474675178528,30.00738525390625
0.9999810385937649,0.717646649894522,0.6052631578947368,0.21578947368421053,2.9348920357670147,150,"[-10.5, 11.0]",400,"[-17.5, 18.0]",400,36.52756643295288,30.00856113433838
0.9999864300143894,0.7382819051014659,0.631578947368421,0.21578947368421053,3.179370873423662,150,"[-10.5, 11.0]",400,"[-17.5, 17.5]",400,35.47665309906006,30.01390027999878
0.9999976031627564,0.746232364109141,0.6578947368421053,0.21578947368421053,3.430934601953179,150,"[-10.0, 10.5]",400,"[-17.5, 18.0]",400,36.56976389884949,30.040234565734863
0.9999879907301029,0.7796038428468826,0.6842105263157895,0.21578947368421053,3.6894963476279403,150,"[-10.5, 11.0]",400,"[-17.0, 18.0]",400,36.41730856895447,29.889469861984253
0.9999652431061522,0.819904371280289,0.7105263157894737,0.21578947368421053,3.954489065177452,150,"[-10.5, 11.0]",400,"[-17.5, 18.0]",400,36.58743762969971,29.83944010734558
0.999954696316942,0.8494837635519155,0.7368421052631579,0.21578947368421053,4.224576626861446,150,"[-11.0, 11.5]",400,"[-17.5, 18.0]",400,36.49750781059265,29.85356330871582
0.9999625747885731,0.8653761767689534,0.763157894736842,0.21578947368421053,4.499138700278841,150,"[-10.5, 11.0]",400,"[-17.5, 18.0]",400,36.54733347892761,29.892886638641357
0.9999874589709536,0.8674380896788838,0.7894736842105263,0.21578947368421053,4.777911343874301,150,"[-10.5, 11.0]",400,"[-17.5, 18.0]",400,36.574735164642334,29.960297346115112
0.9999956284678728,0.8774837228559632,0.8157894736842105,0.21578947368421053,5.060790792719918,150,"[-10.5, 11.0]",400,"[-17.5, 18.0]",400,36.52735090255737,30.036651372909546
0.9999713705880275,0.917005101976951,0.8421052631578947,0.21578947368421053,5.3480454326285365,150,"[-10.5, 11.0]",400,"[-17.0, 18.5]",400,37.708070516586304,30.0197811126709
0.9999319416745833,0.9579077453245913,0.868421052631579,0.21578947368421053,5.6388366388350875,150,"[-11.0, 11.5]",400,"[-17.5, 18.5]",400,37.61314368247986,30.045127630233765
0.9999051491882603,0.9880597688345308,0.8947368421052632,0.21578947368421053,5.931117822866952,150,"[-11.0, 11.5]",400,"[-18.0, 18.5]",400,37.795323610305786,30.01747751235962
0.9999081418514735,1.006283575980759,0.9210526315789473,0.21578947368421053,6.224364404885386,150,"[-11.0, 11.5]",400,"[-18.0, 18.0]",400,36.49176239967346,30.026464700698853
0.9999308721501592,1.0154481883179531,0.9473684210526315,0.21578947368421053,6.519137792730438,150,"[-11.0, 11.5]",400,"[-18.0, 18.0]",400,36.567455768585205,30.01888871192932
0.9999671247481926,1.0113603137102676,0.9736842105263157,0.21578947368421053,6.814545646803615,150,"[-10.5, 11.0]",400,"[-18.0, 18.0]",400,36.496262073516846,30.07295536994934
0.9999919628098192,1.003699568949377,1.0,0.21578947368421053,7.110174443063482,150,"[-10.5, 11.0]",400,"[-17.5, 18.0]",400,36.28869557380676,30.020960092544556
0.9998319954595214,0.6388875475091497,0.5,0.23947368421052634,2.2431999624951757,150,"[-10.5, 11.0]",400,"[-10.5, 17.5]",400,35.04409313201904,30.034734964370728
0.9998319954595214,0.6388875475091497,0.5,0.23947368421052634,2.2431999624951757,150,"[-10.5, 11.0]",400,"[-10.5, 17.5]",400,35.089351415634155,30.058533668518066
0.9997557367227694,0.666958972894983,0.5263157894736842,0.23947368421052634,2.4733689974608555,150,"[-10.5, 11.0]",400,"[-12.0, 17.5]",400,35.12854337692261,30.016204833984375
0.9999988961977073,0.6827505474026985,0.5526315789473684,0.23947368421052634,2.7130223952188577,150,"[-10.0, 10.5]",400,"[-17.5, 18.0]",400,36.310683727264404,29.967078685760498
0.9999891452396829,0.7230437256667799,0.5789473684210527,0.23947368421052634,2.961955115184608,150,"[-10.5, 11.0]",400,"[-17.0, 18.0]",400,36.33191728591919,29.984758853912354
0.9999754746647057,0.7593039978451144,0.6052631578947368,0.23947368421052634,3.2193051270001014,150,"[-10.5, 11.0]",400,"[-17.5, 18.0]",400,36.504151582717896,29.99453568458557
0.9999821921523883,0.7801911241692806,0.631578947368421,0.23947368421052634,3.4840665837802782,150,"[-10.5, 11.0]",400,"[-17.5, 17.5]",400,35.25639629364014,29.92928171157837
0.9999971119555111,0.7867521989899391,0.6578947368421053,0.23947368421052634,3.7558866479596684,150,"[-10.5, 11.0]",400,"[-17.5, 18.0]",400,36.40284991264343,29.966651678085327
0.999985050633149,0.8207520486665534,0.6842105263157895,0.23947368421052634,4.034710055645513,150,"[-10.5, 11.0]",400,"[-17.0, 18.0]",400,36.583760499954224,29.892208576202393
0.9999604167555346,0.863533254223204,0.7105263157894737,0.23947368421052634,4.319918401634422,150,"[-11.0, 11.5]",400,"[-17.5, 18.0]",400,36.32431364059448,29.795339345932007
0.9999442050197913,0.8937241514919458,0.7368421052631579,0.23947368421052634,4.6098429424898475,150,"[-11.0, 11.5]",400,"[-17.5, 18.0]",400,36.65839600563049,29.85761284828186
0.9999567579031392,0.9097155873686981,0.763157894736842,0.23947368421052634,4.903845928778182,150,"[-11.0, 11.5]",400,"[-17.5, 18.0]",400,36.582255601882935,29.86002016067505
0.9999841470420594,0.9103421615465436,0.7894736842105263,0.23947368421052634,5.201634436931898,150,"[-10.5, 11.0]",400,"[-17.5, 18.0]",400,36.67017364501953,30.054484605789185
0.9999949064383905,0.918893720978404,0.8157894736842105,0.23947368421052634,5.503060800410699,150,"[-10.5, 11.0]",400,"[-17.5, 18.0]",400,36.39036226272583,29.996410846710205
0.9999665335344876,0.9595762049294421,0.8421052631578947,0.23947368421052634,5.808643373106022,150,"[-10.5, 11.0]",400,"[-17.0, 18.5]",400,40.15161919593811,33.19664263725281
0.9999195876642542,1.0025078496456186,0.868421052631579,0.23947368421052634,6.117451752573263,150,"[-11.0, 11.5]",400,"[-17.5, 18.5]",400,40.67561626434326,33.3135621547699
0.9998878576672989,1.0333454952325187,0.8947368421052632,0.23947368421052634,6.426897979222564,150,"[-11.0, 11.5]",400,"[-18.0, 18.5]",400,39.72073149681091,29.967470407485962
0.9998921154299629,1.0511984059810062,0.9210526315789473,0.23947368421052634,6.736529160765395,150,"[-11.0, 11.5]",400,"[-18.0, 18.0]",400,36.54789090156555,29.72409701347351
0.9999175820524153,1.0603635870395336,0.9473684210526315,0.23947368421052634,7.047297480627511,150,"[-11.0, 11.5]",400,"[-18.0, 18.0]",400,36.72462296485901,29.722203493118286
0.9999604012023838,1.0550950371556864,0.9736842105263157,0.23947368421052634,7.357961083175762,150,"[-10.5, 11.0]",400,"[-18.0, 18.0]",400,36.59179759025574,29.987542152404785
0.999990498562123,1.045335718585212,1.0,0.23947368421052634,7.667912266937032,150,"[-10.5, 11.0]",400,"[-17.5, 18.0]",400,36.49469709396362,29.969136238098145
0.9999861812522375,0.678314642008208,0.5,0.2631578947368421,2.467351457270776,150,"[-10.5, 11.0]",400,"[-17.0, 17.5]",400,35.24362516403198,29.825935125350952
0.9999861812522375,0.678314642008208,0.5,0.2631578947368421,2.467351457270776,150,"[-10.5, 11.0]",400,"[-17.0, 17.5]",400,35.24426555633545,29.86070466041565
0.9999899755386754,0.7074963828315383,0.5263157894736842,0.2631578947368421,2.71812860063125,150,"[-10.5, 11.0]",400,"[-17.5, 17.5]",400,35.47976589202881,29.807342290878296
0.9999985369080263,0.7215668318430278,0.5526315789473684,0.2631578947368421,2.978707307500128,150,"[-10.0, 10.5]",400,"[-17.5, 18.0]",400,36.49822163581848,29.83513832092285
0.9999864015987713,0.7637216798770985,0.5789473684210527,0.2631578947368421,3.2488775243060837,150,"[-10.5, 11.0]",400,"[-17.0, 18.0]",400,36.47780704498291,29.839452743530273
0.9999709874138083,0.801825408816475,0.6052631578947368,0.2631578947368421,3.5275809107990828,150,"[-11.0, 11.5]",400,"[-17.5, 18.0]",400,36.42763304710388,29.819833755493164
0.9999769770081828,0.8228704712741828,0.631578947368421,0.2631578947368421,3.8135901946024515,150,"[-10.5, 11.0]",400,"[-17.5, 17.5]",400,35.25338840484619,29.802793502807617
0.9999962222305553,0.8278799452975457,0.6578947368421053,0.2631578947368421,4.106504929696671,150,"[-10.5, 11.0]",400,"[-17.5, 18.0]",400,36.358527183532715,29.796998739242554
0.9999863853753803,0.8624584566907868,0.6842105263157895,0.2631578947368421,4.40631932954396,150,"[-10.5, 11.0]",400,"[-17.5, 18.0]",400,36.43298840522766,29.7610342502594
0.9999517877348509,0.9074121793142282,0.7105263157894737,0.2631578947368421,4.712385818164815,150,"[-11.0, 11.5]",400,"[-17.5, 18.0]",400,36.44116973876953,29.719544410705566
0.999932062490096,0.9383996435764842,0.7368421052631579,0.2631578947368421,5.022624524165411,150,"[-11.0, 11.5]",400,"[-17.5, 18.0]",400,36.41303753852844,29.687007904052734
0.9999515912952702,0.9544147601135432,0.763157894736842,0.2631578947368421,5.336427920207333,150,"[-11.0, 11.5]",400,"[-18.0, 18.0]",400,36.49168157577515,29.727493286132812
0.9999802261569376,0.9536278283731907,0.7894736842105263,0.2631578947368421,5.653471452891212,150,"[-10.5, 11.0]",400,"[-17.5, 18.0]",400,36.598445415496826,29.693801403045654
0.9999940934371914,0.9605221856047713,0.8157894736842105,0.2631578947368421,5.973529162304288,150,"[-10.5, 11.0]",400,"[-17.5, 18.0]",400,36.49459981918335,29.740877628326416
0.9999611806137668,1.0022278590397509,0.8421052631578947,0.2631578947368421,6.2974744454364435,150,"[-10.5, 11.0]",400,"[-17.0, 18.5]",400,37.725738763809204,29.838737726211548
0.999905712733245,1.047213760062818,0.868421052631579,0.2631578947368421,6.62428988222241,150,"[-11.0, 11.5]",400,"[-17.5, 18.5]",400,37.86548638343811,29.92208766937256
0.9998784635643316,1.0786843984481658,0.8947368421052632,0.2631578947368421,6.950701677210512,150,"[-11.5, 12.0]",400,"[-18.0, 18.5]",400,37.81739020347595,29.886998653411865
0.9998840649528115,1.0960412393825374,0.9210526315789473,0.2631578947368421,7.27639266649654,150,"[-11.5, 12.0]",400,"[-18.0, 18.5]",400,37.62091684341431,29.766886949539185
0.9999026161433134,1.1051933499145354,0.9473684210526315,0.2631578947368421,7.602852258025159,150,"[-11.0, 11.5]",400,"[-18.0, 18.0]",400,36.511343240737915,29.77808403968811
0.9999565123182268,1.0989171774153048,0.9736842105263157,0.2631578947368421,7.928364787317848,150,"[-11.0, 11.5]",400,"[-18.0, 18.0]",400,36.46652603149414,29.80138397216797
0.9999924266179229,1.0868188655384599,1.0,0.2631578947368421,8.252054704287636,150,"[-10.5, 11.0]",400,"[-18.0, 18.0]",400,36.53824329376221,29.78725552558899
0.9999827604593869,0.7182506220213221,0.5,0.2868421052631579,2.711734625439073,150,"[-10.5, 11.0]",400,"[-17.0, 18.0]",400,36.38231611251831,29.825812101364136
0.9999827604593869,0.7182506220213221,0.5,0.2868421052631579,2.711734625439073,150,"[-10.5, 11.0]",400,"[-17.0, 18.0]",400,36.540903091430664,29.822561502456665
0.9999865804886584,0.7484201893646126,0.5263157894736842,0.2868421052631579,2.9844549524420536,150,"[-10.5, 11.0]",400,"[-17.5, 17.5]",400,35.48338842391968,29.78498864173889
0.9999982806845424,0.761260500246866,0.5526315789473684,0.2868421052631579,3.267186474313065,150,"[-10.5, 11.0]",400,"[-17.5, 18.0]",400,36.45768094062805,29.792821168899536
0.9999831314043889,0.8051863377080608,0.5789473684210527,0.2868421052631579,3.5597305306182303,150,"[-10.5, 11.0]",400,"[-17.0, 18.0]",400,36.476492166519165,29.804080724716187
0.9999634354922748,0.8450556374868545,0.6052631578947368,0.2868421052631579,3.86080330609459,150,"[-11.0, 11.5]",400,"[-17.5, 18.0]",400,36.53821301460266,30.152873277664185
0.9999729266116009,0.8660584726619165,0.631578947368421,0.2868421052631579,4.168929382929647,150,"[-11.0, 11.5]",400,"[-17.5, 18.0]",400,36.848700523376465,30.10157871246338
0.999995132722925,0.8696055359849897,0.6578947368421053,0.2868421052631579,4.483662615084028,150,"[-10.5, 11.0]",400,"[-17.5, 18.0]",400,36.54818892478943,30.10657501220703
0.9999839726652678,0.9045649307563352,0.6842105263157895,0.2868421052631579,4.80506752838808,150,"[-10.5, 11.0]",400,"[-17.5, 18.0]",400,36.62991714477539,30.114990949630737
0.9999418469626018,0.9514909173780636,0.7105263157894737,0.2868421052631579,5.132502874307011,150,"[-11.0, 11.5]",400,"[-17.5, 18.5]",400,37.8676176071167,30.12725806236267
0.9999181715762459,0.9833769571988097,0.7368421052631579,0.2868421052631579,5.463378970830025,150,"[-11.0, 11.5]",400,"[-17.5, 18.0]",400,36.41997027397156,30.117464303970337
0.999941171657908,0.9992989666224532,0.763157894736842,0.2868421052631579,5.797188750112709,150,"[-11.0, 11.5]",400,"[-18.0, 18.0]",400,36.71645736694336,30.10891628265381
0.9999797492301085,0.9971979694352375,0.7894736842105263,0.2868421052631579,6.133571425220329,150,"[-10.5, 11.0]",400,"[-18.0, 18.0]",400,36.62421536445618,30.154566526412964
0.999993185318876,1.0022875914206715,0.8157894736842105,0.2868421052631579,6.472171125639702,150,"[-10.5, 11.0]",400,"[-17.5, 18.0]",400,36.52913475036621,30.103670835494995
0.9999585134008708,1.0449190737725296,0.8421052631578947,0.2868421052631579,6.814351337316082,150,"[-11.0, 11.5]",400,"[-17.0, 18.5]",400,37.74846959114075,30.074055194854736
0.9998984053918668,1.0920206247559037,0.868421052631579,0.2868421052631579,7.15901636413954,150,"[-11.5, 12.0]",400,"[-17.5, 18.5]",400,37.75717782974243,30.086814641952515
0.9998699114790695,1.123970572125529,0.8947368421052632,0.2868421052631579,7.5020261884126285,150,"[-12.0, 12.5]",400,"[-18.0, 18.5]",400,37.69470715522766,30.10178780555725
0.9998771209649022,1.140432105295715,0.9210526315789473,0.2868421052631579,7.843282945117027,150,"[-12.0, 12.5]",400,"[-18.0, 18.5]",400,37.76646327972412,29.977559328079224
0.9998945917923666,1.1499458367656608,0.9473684210526315,0.2868421052631579,8.184995420411973,150,"[-11.5, 12.0]",400,"[-18.0, 18.0]",400,36.60079503059387,29.905047178268433
0.9999486069205561,1.142338767658247,0.9736842105263157,0.2868421052631579,8.524816407106735,150,"[-11.0, 11.5]",400,"[-18.0, 18.0]",400,36.44889259338379,29.89234757423401
0.9999912689743375,1.1280386208175,1.0,0.2868421052631579,8.861511673996233,150,"[-10.5, 11.0]",400,"[-18.0, 18.0]",400,36.484638929367065,29.891130924224854
0.9999792062006425,0.759306337228508,0.5,0.3105263157894737,2.9776022922179433,150,"[-11.0, 11.5]",400,"[-17.0, 18.0]",400,36.4406201839447,29.93450403213501
0.9999792062006425,0.759306337228508,0.5,0.3105263157894737,2.9776022922179433,150,"[-11.0, 11.5]",400,"[-17.0, 18.0]",400,36.50056576728821,30.032600164413452
0.999982319279564,0.7902553667840714,0.5263157894736842,0.3105263157894737,3.273565952953965,150,"[-10.5, 11.0]",400,"[-17.5, 17.5]",400,35.24990391731262,29.974451303482056
0.9999977617450658,0.8016465748902148,0.5526315789473684,0.3105263157894737,3.5796165812656735,150,"[-10.5, 11.0]",400,"[-17.5, 18.0]",400,36.663631200790405,29.912896871566772
0.9999808683142696,0.8472862035644583,0.5789473684210527,0.3105263157894737,3.8955901091528693,150,"[-11.0, 11.5]",400,"[-17.0, 18.0]",400,36.56865072250366,29.998169898986816
0.9999544663318615,0.8889293854583055,0.6052631578947368,0.3105263157894737,4.219946547939453,150,"[-11.0, 11.5]",400,"[-17.5, 18.0]",400,36.65029430389404,29.832204818725586
0.9999659524104095,0.9100055960322428,0.631578947368421,0.3105263157894737,4.550937776042418,150,"[-11.0, 11.5]",400,"[-17.5, 18.0]",400,36.653913259506226,29.84986710548401
0.9999938209088803,0.9117861656309975,0.6578947368421053,0.3105263157894737,4.888075967232918,150,"[-10.5, 11.0]",400,"[-17.5, 18.0]",400,36.4504132270813,29.819811820983887
0.9999813044765491,0.9469833915114684,0.6842105263157895,0.3105263157894737,5.231519081868539,150,"[-10.5, 11.0]",400,"[-17.5, 18.0]",400,36.50569534301758,29.81127381324768
0.9999304323817133,0.9961971841205994,0.7105263157894737,0.3105263157894737,5.580684786532027,150,"[-11.0, 11.5]",400,"[-17.5, 18.5]",400,37.62533664703369,29.7808198928833
0.9999075158987605,1.0285479472253904,0.7368421052631579,0.3105263157894737,5.932349544019607,150,"[-11.0, 11.5]",400,"[-18.0, 18.0]",400,36.369842529296875,29.798296213150024
0.9999292638588256,1.0443445639523479,0.763157894736842,0.3105263157894737,6.286205134758268,150,"[-11.0, 11.5]",400,"[-18.0, 18.0]",400,36.4401741027832,29.85458469390869
0.9999773367599464,1.0408735350370275,0.7894736842105263,0.3105263157894737,6.641847055279351,150,"[-11.0, 11.5]",400,"[-18.0, 18.0]",400,36.67319059371948,29.819027185440063
0.9999921793313326,1.0440945595250146,0.8157894736842105,0.3105263157894737,6.998715638020437,150,"[-10.5, 11.0]",400,"[-17.5, 18.0]",400,36.54224157333374,29.79989719390869
0.9999574816037062,1.0875787559611967,0.8421052631578947,0.3105263157894737,7.358834993588561,150,"[-11.0, 11.5]",400,"[-17.5, 18.5]",400,37.90007829666138,29.79753828048706
0.9998825420554291,1.136654274170925,0.868421052631579,0.3105263157894737,7.721044449645564,150,"[-11.5, 12.0]",400,"[-17.5, 18.5]",400,37.68382287025452,29.80561327934265
0.999862634130485,1.1692100632272522,0.8947368421052632,0.3105263157894737,8.080114995296286,150,"[-12.5, 13.0]",400,"[-18.0, 18.5]",400,37.96670937538147,29.789482593536377
0.9998598490826528,1.1845747287928723,0.9210526315789473,0.3105263157894737,8.436274481761963,150,"[-12.0, 12.5]",400,"[-18.0, 18.5]",400,37.694212913513184,29.781471967697144
0.9998872764130747,1.1943969780994201,0.9473684210526315,0.3105263157894737,8.79267327642618,150,"[-12.0, 12.5]",400,"[-18.0, 18.0]",400,36.38130784034729,29.777369260787964
0.9999397860909913,1.185469883500661,0.9736842105263157,0.3105263157894737,9.146136173907253,150,"[-11.0, 11.5]",400,"[-18.0, 18.0]",400,36.50768065452576,29.79992365837097
0.9999900502828596,1.1689162909269917,1.0,0.3105263157894737,9.494961513854593,150,"[-10.5, 11.0]",400,"[-18.0, 18.0]",400,36.37549829483032,29.72156047821045
0.9999736492085558,0.8011232671523306,0.5,0.33421052631578946,3.2661758703242225,150,"[-11.0, 11.5]",400,"[-17.0, 18.0]",400,36.589386224746704,29.68597984313965
0.9999736492085558,0.8011232671523306,0.5,0.33421052631578946,3.2661758703242225,150,"[-11.0, 11.5]",400,"[-17.0, 18.0]",400,36.43094062805176,29.728712558746338
0.9999787085878943,0.8328915726468002,0.5263157894736842,0.33421052631578946,3.5866215682064078,150,"[-11.0, 11.5]",400,"[-17.5, 17.5]",400,35.40722584724426,29.721623182296753
0.9999971187556852,0.8427376865038556,0.5526315789473684,0.33421052631578946,3.917069343052686,150,"[-10.5, 11.0]",400,"[-17.5, 18.0]",400,36.45992469787598,29.717832803726196
0.9999767150794427,0.8900183977157395,0.5789473684210527,0.33421052631578946,4.257420749720714,150,"[-11.0, 11.5]",400,"[-17.0, 18.0]",400,36.5129873752594,29.715717792510986
0.9999439386312459,0.9333421378529982,0.6052631578947368,0.33421052631578946,4.60584756219113,150,"[-11.0, 11.5]",400,"[-17.5, 18.0]",400,36.30998754501343,29.73792862892151
0.9999577063476565,0.9544488364986791,0.631578947368421,0.33421052631578946,4.960308052378222,150,"[-11.0, 11.5]",400,"[-17.5, 18.0]",400,36.71627068519592,29.760004997253418
0.9999922666358966,0.9543170152958881,0.6578947368421053,0.33421052631578946,5.3202789823939085,150,"[-10.5, 11.0]",400,"[-17.5, 18.0]",400,36.503310441970825,29.737651348114014
0.9999801717725185,0.9896099642448006,0.6842105263157895,0.33421052631578946,5.686036041061889,150,"[-11.0, 11.5]",400,"[-17.5, 18.5]",400,37.74671816825867,29.908868551254272
0.9999174635701799,1.0411314987111073,0.7105263157894737,0.33421052631578946,6.057129800771001,150,"[-11.0, 11.5]",400,"[-17.5, 18.5]",400,37.644137382507324,30.04926562309265
0.9998991609774222,1.0739356525523718,0.7368421052631579,0.33421052631578946,6.429547454263167,150,"[-11.5, 12.0]",400,"[-18.0, 18.5]",400,37.68107581138611,30.11922550201416
0.9999157925749647,1.0894269042446163,0.763157894736842,0.33421052631578946,6.803312196981218,150,"[-11.0, 11.5]",400,"[-18.0, 18.0]",400,36.59521722793579,30.077898025512695
0.9999726202675716,1.0845645080739712,0.7894736842105263,0.33421052631578946,7.177964411557029,150,"[-11.0, 11.5]",400,"[-18.0, 18.0]",400,36.722158908843994,30.132230043411255
0.9999910911477801,1.085868408099278,0.8157894736842105,0.33421052631578946,7.552638827058718,150,"[-10.5, 11.0]",400,"[-17.5, 18.5]",400,37.85187077522278,30.117760181427002
0.9999525416069913,1.1298303227015576,0.8421052631578947,0.33421052631578946,7.9302320204842465,150,"[-11.0, 11.5]",400,"[-17.5, 18.5]",400,37.74123001098633,30.089558839797974
0.9998756359185549,1.1812055507637544,0.868421052631579,0.33421052631578946,8.309536738735027,150,"[-12.0, 12.5]",400,"[-17.5, 18.5]",400,37.82734513282776,30.004435300827026
0.999894574472063,1.2138829052996027,0.8947368421052632,0.33421052631578946,8.683963084905121,150,"[-14.5, 15.0]",400,"[-18.0, 18.5]",400,38.24195456504822,30.01733899116516
0.9998550243643113,1.2284971470635881,0.9210526315789473,0.33421052631578946,9.054197440298623,150,"[-12.5, 13.0]",400,"[-18.0, 18.5]",400,38.14219808578491,30.02589464187622
0.9998699047095534,1.2383870062407807,0.9473684210526315,0.33421052631578946,9.424597817123242,150,"[-12.0, 12.5]",400,"[-18.0, 18.0]",400,36.96591234207153,30.05010676383972
0.99993556728726,1.2282362131827655,0.9736842105263157,0.33421052631578946,9.790920617948856,150,"[-11.5, 12.0]",400,"[-18.0, 18.0]",400,36.91786289215088,30.0350558757782
0.9999887851591627,1.2093821746124507,1.0,0.33421052631578946,10.150870264874463,150,"[-10.5, 11.0]",400,"[-18.0, 18.0]",400,36.79127621650696,30.048502922058105
0.9999669678701965,0.843757140372088,0.5,0.35789473684210527,3.5786206876692797,150,"[-11.0, 11.5]",400,"[-17.0, 18.0]",400,36.46793270111084,30.05273699760437
0.9999669678701965,0.843757140372088,0.5,0.35789473684210527,3.5786206876692797,150,"[-11.0, 11.5]",400,"[-17.0, 18.0]",400,36.35922956466675,29.984540462493896
0.9999730059353193,0.8761890902341377,0.5263157894736842,0.35789473684210527,3.924697279932247,150,"[-11.0, 11.5]",400,"[-17.5, 18.0]",400,36.569849252700806,29.928467750549316
0.9999963346388158,0.8844105539451667,0.5526315789473684,0.35789473684210527,4.2805040808429595,150,"[-10.5, 11.0]",400,"[-17.5, 18.0]",400,36.54309868812561,29.925597667694092
0.9999719147141001,0.933217684490884,0.5789473684210527,0.35789473684210527,4.646047995791991,150,"[-11.0, 11.5]",400,"[-17.0, 18.0]",400,36.35265350341797,29.899232864379883
0.9999317198059479,0.9782038064677149,0.6052631578947368,0.35789473684210527,5.019179245267188,150,"[-11.0, 11.5]",400,"[-17.5, 18.0]",400,36.552409410476685,29.951271057128906
0.9999526066677108,0.9995383148339885,0.631578947368421,0.35789473684210527,5.397546851644439,150,"[-11.0, 11.5]",400,"[-18.0, 18.0]",400,36.47991347312927,29.892871141433716
0.99999045312948,0.9970973399586098,0.6578947368421053,0.35789473684210527,5.780600724566351,150,"[-10.5, 11.0]",400,"[-17.5, 18.0]",400,36.40156435966492,29.848307371139526
0.999977285558213,1.0323411909630134,0.6842105263157895,0.35789473684210527,6.168758152629766,150,"[-11.0, 11.5]",400,"[-17.5, 18.5]",400,37.60073781013489,29.835585594177246
0.9999101454455757,1.0862332010138696,0.7105263157894737,0.35789473684210527,6.561802795659058,150,"[-11.5, 12.0]",400,"[-17.5, 18.5]",400,37.533316135406494,29.808711290359497
0.9998820983229054,1.119130343714248,0.7368421052631579,0.35789473684210527,6.954739068540371,150,"[-11.5, 12.0]",400,"[-18.0, 18.5]",400,37.55098843574524,29.79577612876892
0.9999083204492947,1.1344964415910161,0.763157894736842,0.35789473684210527,7.34809464598222,150,"[-11.5, 12.0]",400,"[-18.0, 18.0]",400,36.66984796524048,29.826112985610962
0.9999672535660651,1.1281490501762539,0.7894736842105263,0.35789473684210527,7.741338399867444,150,"[-11.0, 11.5]",400,"[-18.0, 18.0]",400,36.645565032958984,29.877816915512085
0.9999898895004004,1.127434606538398,0.8157894736842105,0.35789473684210527,8.133163581181956,150,"[-10.5, 11.0]",400,"[-17.5, 18.5]",400,37.73394727706909,29.85417151451111
0.9999474644073811,1.171745217746743,0.8421052631578947,0.35789473684210527,8.527598348323105,150,"[-11.0, 11.5]",400,"[-17.5, 18.5]",400,37.88233399391174,29.9067862033844
0.9998698582894668,1.2254401024954962,0.868421052631579,0.35789473684210527,8.923412830587493,150,"[-12.5, 13.0]",400,"[-17.5, 18.5]",400,37.82377862930298,29.81468892097473
0.9998953665984558,1.2582361382800389,0.8947368421052632,0.35789473684210527,9.31232841734403,150,"[-15.0, 15.5]",400,"[-18.0, 18.5]",400,37.948099851608276,29.845573902130127
0.9998911027579894,1.2715818826778513,0.9210526315789473,0.35789473684210527,9.695653011933084,150,"[-14.5, 15.0]",400,"[-18.0, 18.5]",400,37.826711893081665,29.906826734542847
0.9998636223492017,1.2822131824275171,0.9473684210526315,0.35789473684210527,10.079265166320253,150,"[-12.5, 13.0]",400,"[-18.0, 18.0]",400,36.64316701889038,29.905658960342407
0.9999256753579416,1.270589118447091,0.9736842105263157,0.35789473684210527,10.457563611535203,150,"[-11.5, 12.0]",400,"[-18.0, 18.0]",400,36.7063627243042,29.620726585388184
0.9999874881852938,1.2493607299634624,1.0,0.35789473684210527,10.827515974035693,150,"[-10.5, 11.0]",400,"[-18.0, 18.0]",400,36.47389531135559,29.70821452140808
0.9999590167521144,0.8871106837482468,0.5,0.3815789473684211,3.9160196503446714,150,"[-11.0, 11.5]",400,"[-17.0, 18.0]",400,36.3223078250885,29.70545530319214
0.9999590167521144,0.8871106837482468,0.5,0.3815789473684211,3.9160196503446714,150,"[-11.0, 11.5]",400,"[-17.0, 18.0]",400,36.429579734802246,29.656081914901733
0.9999659275211993,0.9201217434341371,0.5263157894736842,0.3815789473684211,4.288756659641886,150,"[-11.0, 11.5]",400,"[-17.5, 18.0]",400,36.56781840324402,29.75013828277588
0.9999953933080302,0.9265399903475543,0.5526315789473684,0.3815789473684211,4.670740340716713,150,"[-10.5, 11.0]",400,"[-17.5, 18.0]",400,36.389121532440186,29.718677282333374
0.9999664489359058,0.9769139633267734,0.5789473684210527,0.3815789473684211,5.062131968650414,150,"[-11.0, 11.5]",400,"[-17.0, 18.5]",400,37.627561807632446,29.676249980926514
0.9999176900734285,1.023385006328379,0.6052631578947368,0.3815789473684211,5.460425686804453,150,"[-11.0, 11.5]",400,"[-17.5, 18.0]",400,36.60271859169006,29.673675775527954
0.9999423775495014,1.0445825401174174,0.631578947368421,0.3815789473684211,5.8629525318457025,150,"[-11.0, 11.5]",400,"[-18.0, 18.0]",400,36.9241156578064,29.705583095550537
0.999989266223306,1.0400769988615162,0.6578947368421053,0.3815789473684211,6.269146349190727,150,"[-11.0, 11.5]",400,"[-17.5, 18.0]",400,36.70942306518555,29.702857732772827
0.999974205705185,1.0750855103494772,0.6842105263157895,0.3815789473684211,6.679587385616139,150,"[-11.0, 11.5]",400,"[-17.5, 18.5]",400,38.054582357406616,29.618727684020996
0.9998950199104186,1.1312725543175228,0.7105263157894737,0.3815789473684211,7.094423916711836,150,"[-11.5, 12.0]",400,"[-17.5, 18.5]",400,37.85927939414978,29.61860752105713
0.9998743288977122,1.1639876439003007,0.7368421052631579,0.3815789473684211,7.507438724663574,150,"[-12.0, 12.5]",400,"[-18.0, 18.5]",400,37.833765745162964,29.619964122772217
0.9998928416331951,1.1793381798069376,0.763157894736842,0.3815789473684211,7.919883895780115,150,"[-11.5, 12.0]",400,"[-18.0, 18.0]",400,36.621803760528564,29.71456742286682
0.9999611968358282,1.1715396586734559,0.7894736842105263,0.3815789473684211,8.331134348773562,150,"[-11.0, 11.5]",400,"[-18.0, 18.0]",400,36.70243239402771,29.6362202167511
0.9999885910394993,1.168776397462209,0.8157894736842105,0.3815789473684211,8.739265408592033,150,"[-10.5, 11.0]",400,"[-17.5, 18.5]",400,37.67543053627014,29.653976917266846
0.999942316383049,1.2132471974396108,0.8421052631578947,0.3815789473684211,9.149749154742382,150,"[-11.0, 11.5]",400,"[-17.5, 18.5]",400,37.67489981651306,29.639063119888306
0.9998522752326543,1.2691564452505568,0.868421052631579,0.3815789473684211,9.561363007952734,150,"[-12.5, 13.0]",400,"[-17.5, 18.5]",400,37.81989884376526,29.602954149246216
0.9999220501302356,1.3017316095825535,0.8947368421052632,0.3815789473684211,9.963749215234202,150,"[-16.0, 16.5]",400,"[-18.0, 18.5]",400,37.96863412857056,29.595167636871338
0.9998944317585925,1.3140115317189305,0.9210526315789473,0.3815789473684211,10.359034392181334,150,"[-15.0, 15.5]",400,"[-18.0, 18.5]",400,37.90314960479736,29.5718994140625
0.9998960858371901,1.3253213301415947,0.9473684210526315,0.3815789473684211,10.754979167461396,150,"[-14.5, 15.0]",400,"[-18.0, 18.0]",400,36.57850694656372,29.900520086288452
0.999914872750383,1.3124155516477978,0.9736842105263157,0.3815789473684211,11.144281973653571,150,"[-11.5, 12.0]",400,"[-18.0, 18.0]",400,36.505932092666626,29.81746530532837
0.9999877034056505,1.2888349675510027,1.0,0.3815789473684211,11.523017124937834,150,"[-11.0, 11.5]",400,"[-18.0, 18.5]",400,37.795671224594116,29.77230477333069
0.9999592875272948,0.9312631187919037,0.5,0.4052631578947368,4.279346002637685,150,"[-11.0, 11.5]",400,"[-17.5, 18.0]",400,36.58743357658386,29.657318592071533
0.9999592875272948,0.9312631187919037,0.5,0.4052631578947368,4.279346002637685,150,"[-11.0, 11.5]",400,"[-17.5, 18.0]",400,36.54990577697754,29.685445070266724
0.9999575294221383,0.964581998262522,0.5263157894736842,0.4052631578947368,4.679623966709171,150,"[-11.0, 11.5]",400,"[-17.5, 18.0]",400,36.68630266189575,29.677409648895264
0.9999942804841138,0.9690314323536855,0.5526315789473684,0.4052631578947368,5.0884315444922095,150,"[-10.5, 11.0]",400,"[-17.5, 18.0]",400,36.460185050964355,30.065768480300903
0.999960229794507,1.0207096373792552,0.5789473684210527,0.4052631578947368,5.506142909769395,150,"[-11.0, 11.5]",400,"[-17.0, 18.5]",400,37.81164288520813,30.02890706062317
0.9999017464711273,1.0687418507435087,0.6052631578947368,0.4052631578947368,5.929860369988356,150,"[-11.0, 11.5]",400,"[-17.5, 18.0]",400,36.46241068840027,29.991763591766357
0.9999360646655897,1.089764405962037,0.631578947368421,0.4052631578947368,6.356596758527436,150,"[-11.5, 12.0]",400,"[-18.0, 18.0]",400,36.88262343406677,30.049580097198486
0.999987079980833,1.0830311930326435,0.6578947368421053,0.4052631578947368,6.785782705620265,150,"[-11.0, 11.5]",400,"[-17.5, 18.0]",400,36.73155426979065,29.974072694778442
0.9999709607926289,1.1177165575469608,0.6842105263157895,0.4052631578947368,7.218177693941128,150,"[-11.0, 11.5]",400,"[-17.5, 18.5]",400,37.764103412628174,30.014232873916626
0.9998878303985856,1.1762687936153582,0.7105263157894737,0.4052631578947368,7.654462854635533,150,"[-12.0, 12.5]",400,"[-17.5, 18.5]",400,37.84553503990173,29.993499040603638
0.9998679874050209,1.2088355199062581,0.7368421052631579,0.4052631578947368,8.086907616831331,150,"[-12.5, 13.0]",400,"[-18.0, 18.5]",400,37.92089581489563,29.865575551986694
0.9998858090462577,1.223946743340458,0.763157894736842,0.4052631578947368,8.517761399870556,150,"[-12.0, 12.5]",400,"[-18.0, 18.0]",400,36.5651650428772,29.812979698181152
0.999954411424483,1.2146671594674714,0.7894736842105263,0.4052631578947368,8.946275792873765,150,"[-11.0, 11.5]",400,"[-18.0, 18.0]",400,36.4405722618103,29.864185571670532
0.9999883632386882,1.2099742321940825,0.8157894736842105,0.4052631578947368,9.369684476940636,150,"[-11.0, 11.5]",400,"[-17.5, 18.5]",400,37.614991426467896,29.77901530265808
0.9999371706699303,1.2542399109849214,0.8421052631578947,0.4052631578947368,9.795274774898983,150,"[-11.0, 11.5]",400,"[-17.5, 18.5]",400,37.72666668891907,29.825931787490845
0.9998870680468154,1.3126971975843993,0.868421052631579,0.4052631578947368,10.221867507595238,150,"[-14.5, 15.0]",400,"[-17.5, 18.5]",400,37.69274020195007,29.768089056015015
0.9999982274404747,1.3453353447220824,0.8947368421052632,0.4052631578947368,10.63656646758983,150,"[-17.5, 18.0]",400,"[-18.0, 18.5]",400,38.08519387245178,29.725676774978638
0.9999232816673714,1.3555731977030137,0.9210526315789473,0.4052631578947368,11.042552640992962,150,"[-16.0, 16.5]",400,"[-18.0, 18.5]",400,37.93660807609558,29.768052577972412
0.9998973750665043,1.3677916366539276,0.9473684210526315,0.4052631578947368,11.449879250204441,150,"[-15.0, 15.5]",400,"[-18.0, 18.0]",400,36.4886679649353,29.836580276489258
0.9999031520729,1.3536660134922718,0.9736842105263157,0.4052631578947368,11.849144692974376,150,"[-11.5, 12.0]",400,"[-18.0, 18.0]",400,36.68004393577576,29.82676601409912
0.9999865366034578,1.3277115742451246,1.0,0.4052631578947368,12.235364151985491,150,"[-11.0, 11.5]",400,"[-18.0, 18.5]",400,37.86953258514404,29.762436151504517
0.9999500297073434,0.9757204674463882,0.5,0.42894736842105263,4.669436073588505,150,"[-11.0, 11.5]",400,"[-17.5, 18.0]",400,36.48271894454956,29.630681037902832
0.9999500297073434,0.9757204674463882,0.5,0.42894736842105263,4.669436073588505,150,"[-11.0, 11.5]",400,"[-17.5, 18.0]",400,36.42268991470337,29.61807632446289
0.9999476857357034,1.0094556508027588,0.5263157894736842,0.42894736842105263,5.097957761032317,150,"[-11.0, 11.5]",400,"[-17.5, 18.0]",400,36.508305311203,29.629990100860596
0.9999929844983435,1.0117878266835933,0.5526315789473684,0.42894736842105263,5.534040707730953,150,"[-10.5, 11.0]",400,"[-17.5, 18.0]",400,36.33519124984741,29.71769666671753
0.9999532499509552,1.0646593182130122,0.5789473684210527,0.42894736842105263,5.978339766411679,150,"[-11.0, 11.5]",400,"[-17.0, 18.5]",400,37.50695729255676,29.692853689193726
0.9998924160231782,1.114278696587322,0.6052631578947368,0.42894736842105263,6.427528323874053,150,"[-11.5, 12.0]",400,"[-17.5, 18.5]",400,37.639801263809204,29.915648221969604
0.999923810219852,1.1349766672656962,0.631578947368421,0.42894736842105263,6.8783108013375855,150,"[-11.5, 12.0]",400,"[-18.0, 18.0]",400,36.729891538619995,29.97631335258484
0.999988760787038,1.1259430555838774,0.6578947368421053,0.42894736842105263,7.33012925024784,150,"[-11.0, 11.5]",400,"[-18.0, 18.0]",400,36.56065607070923,30.005155563354492
0.9999675875111762,1.1601342943952024,0.6842105263157895,0.42894736842105263,7.783930600825853,150,"[-11.0, 11.5]",400,"[-17.5, 18.5]",400,37.78451061248779,29.985872745513916
0.9998707482621576,1.2210517139515171,0.7105263157894737,0.42894736842105263,8.241139152378988,150,"[-12.0, 12.5]",400,"[-17.5, 18.5]",400,37.66794228553772,30.02272605895996
0.9998870338057416,1.253507611790731,0.7368421052631579,0.42894736842105263,8.692158961441834,150,"[-14.0, 14.5]",400,"[-18.0, 18.5]",400,37.862143754959106,29.780307292938232
0.9998686924022866,1.2680583785503847,0.763157894736842,0.42894736842105263,9.140568210163488,150,"[-12.0, 12.5]",400,"[-18.0, 18.0]",400,36.709874868392944,29.785518884658813
0.999951256669849,1.2575572357483729,0.7894736842105263,0.42894736842105263,9.585458265420593,150,"[-11.5, 12.0]",400,"[-18.0, 18.0]",400,36.84252429008484,29.752798080444336
0.9999870126771623,1.2505983577865316,0.8157894736842105,0.42894736842105263,10.022943463840765,150,"[-11.0, 11.5]",400,"[-17.5, 18.5]",400,37.924559116363525,29.76542615890503
0.9999374736392781,1.2946903963792786,0.8421052631578947,0.42894736842105263,10.462562063136088,150,"[-11.5, 12.0]",400,"[-17.5, 18.5]",400,37.861671447753906,29.77240824699402
0.9998888128148042,1.3554620291076946,0.868421052631579,0.42894736842105263,10.903220689270348,150,"[-15.0, 15.5]",400,"[-17.5, 18.5]",400,37.96907591819763,29.701948881149292
0.9999980211745756,1.3877746063569427,0.8947368421052632,0.42894736842105263,11.328950825412232,150,"[-17.5, 18.0]",400,"[-18.0, 18.5]",400,38.07646894454956,29.63634729385376
0.9999753129540943,1.3960731127006818,0.9210526315789473,0.42894736842105263,11.744266483575867,150,"[-17.0, 17.5]",400,"[-18.0, 18.5]",400,37.79440689086914,29.59003472328186
0.9999238348961518,1.4100785348113454,0.9473684210526315,0.42894736842105263,12.161971559257895,150,"[-16.0, 16.5]",400,"[-18.0, 18.0]",400,36.626896381378174,29.584316730499268
0.9998995836862132,1.394436866433658,0.9736842105263157,0.42894736842105263,12.570104707168356,150,"[-12.0, 12.5]",400,"[-18.0, 18.0]",400,36.62787461280823,29.54350185394287
0.9999392473987108,1.0205997392697348,0.5,0.45263157894736844,5.0869629903423945,150,"[-11.0, 11.5]",400,"[-17.5, 18.0]",400,36.459482192993164,29.53683853149414
0.9999392473987108,1.0205997392697348,0.5,0.45263157894736844,5.0869629903423945,150,"[-11.0, 11.5]",400,"[-17.5, 18.0]",400,36.44788217544556,29.584322452545166
0.9999408317493609,1.0547619936982429,0.5263157894736842,0.45263157894736844,5.5442265650599065,150,"[-11.0, 11.5]",400,"[-18.0, 18.0]",400,36.51366138458252,29.579408407211304
0.9999922381794776,1.05472822122882,0.5526315789473684,0.45263157894736844,6.0078192493901685,150,"[-11.0, 11.5]",400,"[-17.5, 18.0]",400,36.56649589538574,29.61018657684326
0.9999454896569646,1.1086564038840585,0.5789473684210527,0.45263157894736844,6.478752780281986,150,"[-11.0, 11.5]",400,"[-17.0, 18.5]",400,37.87457895278931,29.54575276374817
0.9998890044617039,1.1597084392996735,0.6052631578947368,0.45263157894736844,6.953233083929927,150,"[-12.0, 12.5]",400,"[-18.0, 18.5]",400,37.79814124107361,29.53793430328369
0.9999100409599428,1.1800802085366333,0.631578947368421,0.45263157894736844,7.427677248377516,150,"[-11.5, 12.0]",400,"[-18.0, 18.0]",400,36.76222801208496,29.54713773727417
0.9999867795643007,1.1687378380181326,0.6578947368421053,0.45263157894736844,7.901554796416128,150,"[-11.0, 11.5]",400,"[-18.0, 18.0]",400,36.59055805206299,29.54422640800476
0.9999641305127034,1.20222687498546,0.6842105263157895,0.45263157894736844,8.375996954022519,150,"[-11.0, 11.5]",400,"[-17.5, 18.5]",400,37.73925471305847,29.530391931533813
0.9998644625284746,1.2655252819714216,0.7105263157894737,0.45263157894736844,8.85342866871274,150,"[-12.5, 13.0]",400,"[-17.5, 18.5]",400,37.700515270233154,29.53777289390564
0.9998863347262475,1.297226112039141,0.7368421052631579,0.45263157894736844,9.32196937924112,150,"[-14.5, 15.0]",400,"[-18.0, 18.5]",400,37.95796060562134,29.577390670776367
0.9998630036382061,1.3117644330813623,0.763157894736842,0.45263157894736844,9.78692049381841,150,"[-12.5, 13.0]",400,"[-18.0, 18.0]",400,36.50087308883667,29.576967477798462
0.9999435905818739,1.2999221517583115,0.7894736842105263,0.45263157894736844,10.247168648706214,150,"[-11.5, 12.0]",400,"[-18.0, 18.0]",400,36.76734519004822,29.67696762084961
0.9999855840611963,1.2908330224427034,0.8157894736842105,0.45263157894736844,10.697370595982624,150,"[-11.0, 11.5]",400,"[-17.5, 18.5]",400,37.84075570106506,29.62359619140625
0.9999329621430315,1.3344949800028783,0.8421052631578947,0.45263157894736844,11.149820439745342,150,"[-11.5, 12.0]",400,"[-17.5, 18.5]",400,37.72590899467468,29.610691785812378
0.9999163985797737,1.3981002840355725,0.868421052631579,0.45263157894736844,11.603559216749481,150,"[-16.0, 16.5]",400,"[-17.5, 18.5]",400,38.11026644706726,29.587998151779175
0.9999978035850726,1.4294758363679687,0.8947368421052632,0.45263157894736844,12.038932900506124,150,"[-17.5, 18.0]",400,"[-18.0, 18.5]",400,38.004249572753906,29.554882287979126
0.9999981205819495,1.4354918963241934,0.9210526315789473,0.45263157894736844,12.462114968681089,150,"[-17.5, 18.0]",400,"[-18.0, 18.5]",400,38.03305959701538,29.57890558242798
0.9999748974377906,1.450457590761404,0.9473684210526315,0.45263157894736844,12.889162227972848,150,"[-17.0, 17.5]",400,"[-18.0, 18.5]",400,38.04094934463501,29.58173155784607
0.9999324499830784,1.0655954632035254,0.5,0.4763157894736842,5.532412382953026,150,"[-11.5, 12.0]",400,"[-17.5, 18.5]",400,37.84167695045471,29.829857349395752
0.9999324499830784,1.0655954632035254,0.5,0.4763157894736842,5.532412382953026,150,"[-11.5, 12.0]",400,"[-17.5, 18.5]",400,37.62734627723694,30.051626443862915
0.9999342301284688,1.1001128819029544,0.5263157894736842,0.4763157894736842,6.018687600523215,150,"[-11.5, 12.0]",400,"[-18.0, 18.0]",400,36.578848361968994,29.986745595932007
0.9999906967147063,1.09773016765453,0.5526315789473684,0.4763157894736842,6.509789849850331,150,"[-11.0, 11.5]",400,"[-17.5, 18.0]",400,36.472570180892944,29.972554683685303
0.999939263098242,1.1525680273995116,0.5789473684210527,0.4763157894736842,7.007170916711551,150,"[-11.0, 11.5]",400,"[-17.5, 18.5]",400,37.713849782943726,29.853837251663208
0.9998710021522703,1.2049563920224062,0.6052631578947368,0.4763157894736842,7.5065291452249845,150,"[-12.0, 12.5]",400,"[-18.0, 18.5]",400,37.55974292755127,29.787125825881958
0.9999032941878002,1.2250792950832865,0.631578947368421,0.4763157894736842,8.004027637278295,150,"[-12.0, 12.5]",400,"[-18.0, 18.0]",400,36.580843448638916,29.721632480621338
0.9999846262020726,1.211267855481591,0.6578947368421053,0.4763157894736842,8.499180384736801,150,"[-11.0, 11.5]",400,"[-18.0, 18.0]",400,36.636911153793335,29.707791090011597
0.999960641924685,1.2439365328423275,0.6842105263157895,0.4763157894736842,8.99328493678752,150,"[-11.0, 11.5]",400,"[-17.5, 18.5]",400,37.642890214920044,29.694841146469116
0.9998958025959767,1.3098823753240887,0.7105263157894737,0.4763157894736842,9.490076057175658,150,"[-14.5, 15.0]",400,"[-17.5, 18.5]",400,37.64510750770569,29.71896243095398
0.9999075179431937,1.3406159852558959,0.7368421052631579,0.4763157894736842,9.974896156736989,150,"[-15.5, 16.0]",400,"[-18.0, 18.5]",400,37.787569522857666,29.702886819839478
0.9998962597505637,1.3549752284704986,0.763157894736842,0.4763157894736842,10.455230480588227,150,"[-14.5, 15.0]",400,"[-18.0, 18.0]",400,36.65948176383972,29.663489818572998
0.9999351522956329,1.341794300516458,0.7894736842105263,0.4763157894736842,10.929709393382186,150,"[-11.5, 12.0]",400,"[-18.0, 18.0]",400,36.77436923980713,29.66864848136902
0.9999840818472924,1.33058026351751,0.8157894736842105,0.4763157894736842,11.391127039286458,150,"[-11.0, 11.5]",400,"[-17.5, 18.5]",400,37.71888780593872,29.687216997146606
0.9999286732861384,1.373629953068975,0.8421052631578947,0.4763157894736842,11.8551116719462,150,"[-11.5, 12.0]",400,"[-17.5, 18.5]",400,37.76462483406067,29.67467498779297
0.9999925608640476,1.4394460897762396,0.868421052631579,0.4763157894736842,12.320893218687504,150,"[-17.5, 18.0]",400,"[-17.5, 18.5]",400,37.922343730926514,29.7141535282135
0.9999975754973319,1.470387638427662,0.8947368421052632,0.4763157894736842,12.764435873273952,150,"[-17.5, 18.0]",400,"[-18.0, 18.5]",400,37.82612228393555,29.66336178779602
0.9999979759086215,1.4741793695259773,0.9210526315789473,0.4763157894736842,13.193951824097278,150,"[-17.5, 18.0]",400,"[-18.0, 18.5]",400,37.992677450180054,29.619290590286255
0.9999193025350557,1.1110049650554283,0.5,0.5,6.006061096483771,150,"[-11.5, 12.0]",400,"[-17.5, 18.5]",400,37.69970750808716,29.621582508087158
0.9999193025350557,1.1110049650554283,0.5,0.5,6.006061096483771,150,"[-11.5, 12.0]",400,"[-17.5, 18.5]",400,37.95866322517395,29.63000988960266
0.9999214650597635,1.1455214586477427,0.5263157894736842,0.5,6.521369558350943,150,"[-11.5, 12.0]",400,"[-18.0, 18.0]",400,36.73071074485779,29.781394481658936
0.9999889755801243,1.1407074224840388,0.5526315789473684,0.5,7.039734189086711,150,"[-11.0, 11.5]",400,"[-17.5, 18.0]",400,36.8023636341095,29.6918203830719
0.9999361846040311,1.1963985202603142,0.5789473684210527,0.5,7.563134796589962,150,"[-11.5, 12.0]",400,"[-17.5, 18.5]",400,37.96626162528992,29.698241710662842
0.9998640891128123,1.2500051941016663,0.6052631578947368,0.5,8.086720375486305,150,"[-12.5, 13.0]",400,"[-18.0, 18.5]",400,38.055723667144775,29.634965896606445
0.9998877355901811,1.2697173102394637,0.631578947368421,0.5,8.606446255228082,150,"[-12.0, 12.5]",400,"[-18.0, 18.0]",400,36.74187755584717,29.629611253738403
0.9999823158738891,1.253452903573253,0.6578947368421053,0.5,9.121888292925092,150,"[-11.0, 11.5]",400,"[-18.0, 18.0]",400,36.418615102767944,29.59863305091858
0.9999571805154709,1.285186826649163,0.6842105263157895,0.5,9.634474145752684,150,"[-11.0, 11.5]",400,"[-17.5, 18.5]",400,37.68699884414673,29.60061025619507
0.9998821498527241,1.353447089238399,0.7105263157894737,0.5,10.149612855835823,150,"[-14.5, 15.0]",400,"[-17.5, 18.5]",400,37.68672823905945,29.59994673728943
0.9999425996231579,1.3834045063563893,0.7368421052631579,0.5,10.649299794659782,150,"[-16.5, 17.0]",400,"[-18.0, 18.5]",400,37.96439027786255,29.596832513809204
0.9998981566383368,1.397363048684403,0.763157894736842,0.5,11.14373208315735,150,"[-15.0, 15.5]",400,"[-18.0, 18.0]",400,36.63653111457825,29.611663103103638
0.9999259053574012,1.3831112334267652,0.7894736842105263,0.5,11.631226721801012,150,"[-11.5, 12.0]",400,"[-18.0, 18.0]",400,36.361748933792114,29.63322949409485
0.9999858948822146,1.369813722050936,0.8157894736842105,0.5,12.102237637871541,150,"[-11.0, 11.5]",400,"[-18.0, 18.5]",400,37.56538128852844,29.600611925125122
0.9999246792273574,1.4120392279860614,0.8421052631578947,0.5,12.576382311127118,150,"[-11.5, 12.0]",400,"[-17.5, 18.5]",400,37.66352844238281,29.614588737487793
0.9999919060544725,1.4802820576495215,0.868421052631579,0.5,13.053139312444108,150,"[-17.5, 18.0]",400,"[-17.5, 18.5]",400,37.99939942359924,29.577259302139282
0.9999973378953944,1.5104204784164583,0.8947368421052632,0.5,13.503309273855363,150,"[-17.5, 18.0]",400,"[-18.0, 18.5]",400,37.931347608566284,29.584575176239014
0.9999193025350557,1.1110049650554283,0.5,0.5,6.006061096483771,150,"[-11.5, 12.0]",400,"[-17.5, 18.5]",400,37.70633053779602,29.558721780776978
0.9999193025350557,1.1110049650554283,0.5,0.5,6.006061096483771,150,"[-11.5, 12.0]",400,"[-17.5, 18.5]",400,37.82989192008972,29.56656050682068
0.9999214650597635,1.1455214586477427,0.5263157894736842,0.5,6.521369558350943,150,"[-11.5, 12.0]",400,"[-18.0, 18.0]",400,36.58798575401306,29.537662029266357
0.9999889755801243,1.1407074224840388,0.5526315789473684,0.5,7.039734189086711,150,"[-11.0, 11.5]",400,"[-17.5, 18.0]",400,36.4693660736084,29.608020782470703
0.9999361846040311,1.1963985202603142,0.5789473684210527,0.5,7.563134796589962,150,"[-11.5, 12.0]",400,"[-17.5, 18.5]",400,37.64290714263916,29.56354594230652
0.9998640891128123,1.2500051941016663,0.6052631578947368,0.5,8.086720375486305,150,"[-12.5, 13.0]",400,"[-18.0, 18.5]",400,37.642516136169434,29.560121297836304
0.9998877355901811,1.2697173102394637,0.631578947368421,0.5,8.606446255228082,150,"[-12.0, 12.5]",400,"[-18.0, 18.0]",400,36.63617444038391,29.667091608047485
0.9999823158738891,1.253452903573253,0.6578947368421053,0.5,9.121888292925092,150,"[-11.0, 11.5]",400,"[-18.0, 18.0]",400,36.364893436431885,29.66578722000122
0.9999571805154709,1.285186826649163,0.6842105263157895,0.5,9.634474145752684,150,"[-11.0, 11.5]",400,"[-17.5, 18.5]",400,37.647687911987305,29.64838457107544
0.9998821498527241,1.353447089238399,0.7105263157894737,0.5,10.149612855835823,150,"[-14.5, 15.0]",400,"[-17.5, 18.5]",400,37.800716400146484,29.65623164176941
0.9999425996231579,1.3834045063563893,0.7368421052631579,0.5,10.649299794659782,150,"[-16.5, 17.0]",400,"[-18.0, 18.5]",400,37.76073169708252,29.657131910324097
0.9998981566383368,1.397363048684403,0.763157894736842,0.5,11.14373208315735,150,"[-15.0, 15.5]",400,"[-18.0, 18.0]",400,36.68221473693848,29.676196575164795
0.9999259053574012,1.3831112334267652,0.7894736842105263,0.5,11.631226721801012,150,"[-11.5, 12.0]",400,"[-18.0, 18.0]",400,36.881868839263916,29.73551082611084
0.9999858948822146,1.369813722050936,0.8157894736842105,0.5,12.102237637871541,150,"[-11.0, 11.5]",400,"[-18.0, 18.5]",400,37.80770945549011,29.696682929992676
0.9999246792273574,1.4120392279860614,0.8421052631578947,0.5,12.576382311127118,150,"[-11.5, 12.0]",400,"[-17.5, 18.5]",400,37.90277147293091,29.695359706878662
0.9999919060544725,1.4802820576495215,0.868421052631579,0.5,13.053139312444108,150,"[-17.5, 18.0]",400,"[-17.5, 18.5]",400,38.04558992385864,29.701005935668945
0.9999973378953944,1.5104204784164583,0.8947368421052632,0.5,13.503309273855363,150,"[-17.5, 18.0]",400,"[-18.0, 18.5]",400,37.940231800079346,29.6318941116333
0.999902589279247,1.1615582601634262,0.5,0.5263157894736842,6.5654644141791865,150,"[-11.5, 12.0]",400,"[-17.5, 18.5]",400,37.744041204452515,29.602792739868164
0.999902589279247,1.1615582601634262,0.5,0.5263157894736842,6.5654644141791865,150,"[-11.5, 12.0]",400,"[-17.5, 18.5]",400,37.83389210700989,29.569008111953735
0.9999054166608538,1.1959146957826936,0.5263157894736842,0.5263157894736842,7.112737229748976,150,"[-11.5, 12.0]",400,"[-18.0, 18.0]",400,36.70814085006714,29.60394525527954
0.9999905964897233,1.1882905380086486,0.5526315789473684,0.5263157894736842,7.660794678703254,150,"[-11.0, 11.5]",400,"[-18.0, 18.0]",400,36.58578324317932,29.528692483901978
0.9999267870102083,1.2447498832501551,0.5789473684210527,0.5263157894736842,8.212308708702396,150,"[-11.5, 12.0]",400,"[-17.5, 18.5]",400,37.774863958358765,29.616025924682617
0.9998946822036857,1.2997201807903471,0.6052631578947368,0.5263157894736842,8.761767035036481,150,"[-14.5, 15.0]",400,"[-18.0, 18.5]",400,37.8161838054657,29.630308866500854
0.9998800861427213,1.3187547506978035,0.631578947368421,0.5263157894736842,9.304964144273866,150,"[-12.5, 13.0]",400,"[-18.0, 18.0]",400,36.74536395072937,30.021143436431885
0.9999795884724809,1.2998214617846264,0.6578947368421053,0.5263157894736842,9.841564742446845,150,"[-11.0, 11.5]",400,"[-18.0, 18.0]",400,36.61406588554382,30.114022493362427
0.9999572804016567,1.3304659508285572,0.6842105263157895,0.5263157894736842,10.373072457193917,150,"[-11.5, 12.0]",400,"[-17.5, 18.5]",400,37.873372316360474,29.94849157333374
0.9999209667560637,1.401414074876353,0.7105263157894737,0.5263157894736842,10.907254221823996,150,"[-16.0, 16.5]",400,"[-17.5, 18.5]",400,37.88624882698059,29.901175022125244
0.999998145067612,1.4296794305766585,0.7368421052631579,0.5263157894736842,11.421620615980494,150,"[-17.5, 18.0]",400,"[-18.0, 18.5]",400,38.054893016815186,29.95524525642395
0.9999240265251662,1.4440713375581165,0.763157894736842,0.5263157894736842,11.930082000973849,150,"[-16.0, 16.5]",400,"[-18.0, 18.0]",400,36.95495104789734,29.903698444366455
0.9999219879945698,1.4283539364663156,0.7894736842105263,0.5263157894736842,12.430536767200001,150,"[-12.0, 12.5]",400,"[-18.0, 18.0]",400,36.78278660774231,29.956416606903076
0.9999843837878692,1.4127272451219857,0.8157894736842105,0.5263157894736842,12.910183588385202,150,"[-11.0, 11.5]",400,"[-18.0, 18.5]",400,37.65646028518677,29.895217180252075
0.9999206694300841,1.4538069058366734,0.8421052631578947,0.5263157894736842,13.393937218307265,150,"[-11.5, 12.0]",400,"[-17.5, 18.5]",400,37.91841793060303,29.88916563987732
0.9999978753920655,1.524903964223475,0.868421052631579,0.5263157894736842,13.881627826261742,150,"[-17.5, 18.0]",400,"[-18.0, 18.5]",400,38.13113713264465,29.86562418937683
0.9998928870893253,1.2121620463606058,0.5,0.5526315789473684,7.1594619533675425,150,"[-12.0, 12.5]",400,"[-17.5, 18.5]",400,37.82426309585571,29.807003259658813
0.9998928870893253,1.2121620463606058,0.5,0.5526315789473684,7.1594619533675425,150,"[-12.0, 12.5]",400,"[-17.5, 18.5]",400,37.65250492095947,29.783198833465576
0.9998965784666852,1.246082139438161,0.5263157894736842,0.5526315789473684,7.73802765273831,150,"[-12.0, 12.5]",400,"[-18.0, 18.0]",400,36.49278163909912,29.78139901161194
0.9999889579685421,1.2356534033138258,0.5526315789473684,0.5526315789473684,8.31481054258833,150,"[-11.0, 11.5]",400,"[-18.0, 18.0]",400,36.35098052024841,29.814332246780396
0.9999167980833393,1.2926196416531526,0.5789473684210527,0.5526315789473684,8.893283200365486,150,"[-11.5, 12.0]",400,"[-17.5, 18.5]",400,37.6493022441864,29.76119375228882
0.9998944301625513,1.3488795395704787,0.6052631578947368,0.5526315789473684,9.46721686715025,150,"[-15.0, 15.5]",400,"[-18.0, 18.5]",400,37.65768790245056,29.833170413970947
0.9998610251217702,1.367205183248155,0.631578947368421,0.5526315789473684,10.03233554816699,150,"[-12.5, 13.0]",400,"[-18.0, 18.0]",400,36.48002529144287,29.7035391330719
0.9999790358153458,1.345689670683032,0.6578947368421053,0.5526315789473684,10.588412692837824,150,"[-11.5, 12.0]",400,"[-18.0, 18.0]",400,36.342708587646484,29.621215105056763
0.9999540413034909,1.3749123158652021,0.6842105263157895,0.5526315789473684,11.136923600873052,150,"[-11.5, 12.0]",400,"[-17.5, 18.5]",400,37.74214959144592,29.674718379974365
0.9999700885828711,1.448563009226532,0.7105263157894737,0.5526315789473684,11.688594126248745,150,"[-17.0, 17.5]",400,"[-17.5, 18.5]",400,37.80245065689087,29.72349452972412
0.9999979450082648,1.4750770487295743,0.7368421052631579,0.5526315789473684,12.215538223664248,150,"[-17.5, 18.0]",400,"[-18.0, 18.5]",400,37.977110624313354,29.661465883255005
0.9999748874102928,1.4890417173765973,0.763157894736842,0.5526315789473684,12.73619914659308,150,"[-17.0, 17.5]",400,"[-18.0, 18.5]",400,38.122485399246216,29.737958908081055
0.9999106885352097,1.4728477417217238,0.7894736842105263,0.5526315789473684,13.247984397613614,150,"[-12.0, 12.5]",400,"[-18.0, 18.0]",400,36.71963930130005,29.747123956680298
0.9999827761925137,1.4548446096472392,0.8157894736842105,0.5526315789473684,13.734038000268768,150,"[-11.0, 11.5]",400,"[-18.0, 18.5]",400,37.90409541130066,29.72650146484375
0.9999171908020416,1.4945595950839559,0.8421052631578947,0.5526315789473684,14.225589692709022,150,"[-11.5, 12.0]",400,"[-17.5, 18.5]",400,37.75120949745178,29.70891809463501
0.9998838804650241,1.2627874061425661,0.5,0.5789473684210527,7.787402210028482,150,"[-12.5, 13.0]",400,"[-17.5, 18.5]",400,37.84805917739868,29.702527284622192
0.9998838804650241,1.2627874061425661,0.5,0.5789473684210527,7.787402210028482,150,"[-12.5, 13.0]",400,"[-17.5, 18.5]",400,37.79680871963501,29.712806940078735
0.999878083026307,1.2958742215881576,0.5263157894736842,0.5789473684210527,8.396212785349126,150,"[-12.0, 12.5]",400,"[-18.0, 18.0]",400,36.661789894104004,29.71938967704773
0.999987195885745,1.28266093489263,0.5526315789473684,0.5789473684210527,9.000414375932076,150,"[-11.0, 11.5]",400,"[-18.0, 18.0]",400,36.413785219192505,29.712260484695435
0.9999141111383022,1.3399342190343129,0.5789473684210527,0.5789473684210527,9.60437985327821,150,"[-12.0, 12.5]",400,"[-17.5, 18.5]",400,37.62835073471069,29.739718198776245
0.999920784295941,1.3970739545644328,0.6052631578947368,0.5789473684210527,10.201108129610907,150,"[-16.0, 16.5]",400,"[-18.0, 18.5]",400,37.79098415374756,29.724730491638184
0.9998935667516294,1.4150459532315975,0.631578947368421,0.5789473684210527,10.786358793479524,150,"[-14.5, 15.0]",400,"[-18.0, 18.0]",400,36.911237478256226,29.71364712715149
0.9999763688329346,1.3908129438251802,0.6578947368421053,0.5789473684210527,11.36003154240712,150,"[-11.5, 12.0]",400,"[-18.0, 18.0]",400,36.53088307380676,29.680930376052856
0.9999510785254101,1.418521701150868,0.6842105263157895,0.5789473684210527,11.923433295061916,150,"[-11.5, 12.0]",400,"[-17.5, 18.5]",400,37.706170320510864,29.718327045440674
0.9999923882838315,1.494595976443903,0.7105263157894737,0.5789473684210527,12.490927461507665,150,"[-17.5, 18.0]",400,"[-17.5, 18.5]",400,37.95925736427307,29.67955493927002
0.9999977415438176,1.5193919853532787,0.7368421052631579,0.5789473684210527,13.02821549458637,150,"[-17.5, 18.0]",400,"[-18.0, 18.5]",400,38.17040252685547,29.686408042907715
0.9999980202895444,1.533158883117854,0.763157894736842,0.5789473684210527,13.559168557428631,150,"[-17.5, 18.0]",400,"[-18.0, 18.5]",400,38.19442629814148,29.68653392791748
0.9998983289555043,1.5165305471275796,0.7894736842105263,0.5789473684210527,14.080641321511468,150,"[-12.0, 12.5]",400,"[-18.0, 18.0]",400,36.601099491119385,29.713756799697876
0.9999810658730867,1.4961389520900212,0.8157894736842105,0.5789473684210527,14.570804111854535,150,"[-11.0, 11.5]",400,"[-18.0, 18.5]",400,37.753395795822144,29.671833515167236
0.9998634749012995,1.312852392256504,0.5,0.6052631578947368,8.448258419175277,150,"[-12.5, 13.0]",400,"[-17.5, 18.5]",400,37.67835021018982,29.67715573310852
0.9998634749012995,1.312852392256504,0.5,0.6052631578947368,8.448258419175277,150,"[-12.5, 13.0]",400,"[-17.5, 18.5]",400,37.73773980140686,29.697233200073242
0.9998700694322407,1.3454635663770067,0.5263157894736842,0.6052631578947368,9.085897116048034,150,"[-12.5, 13.0]",400,"[-18.0, 18.0]",400,36.72528862953186,29.67465376853943
0.9999853396627236,1.3291927349383457,0.5526315789473684,0.6052631578947368,9.715891108694679,150,"[-11.0, 11.5]",400,"[-18.0, 18.5]",400,37.83984923362732,29.983107328414917
0.9999041421174949,1.386543789470445,0.5789473684210527,0.6052631578947368,10.343597227786763,150,"[-12.0, 12.5]",400,"[-17.5, 18.5]",400,37.683557748794556,29.811901569366455
0.9999981979846644,1.4448617462882152,0.6052631578947368,0.6052631578947368,10.961187351787627,150,"[-17.5, 18.0]",400,"[-18.0, 18.5]",400,37.80304217338562,29.828486442565918
0.9998942568960687,1.4620957619154744,0.631578947368421,0.6052631578947368,11.564575811139363,150,"[-15.0, 15.5]",400,"[-18.0, 18.0]",400,36.49333310127258,29.844118118286133
0.9999736585543741,1.4351693483278778,0.6578947368421053,0.6052631578947368,12.153802551701142,150,"[-11.5, 12.0]",400,"[-18.0, 18.5]",400,37.783527851104736,29.880184650421143
0.9999484798479332,1.4612315438138674,0.6842105263157895,0.6052631578947368,12.729829472817004,150,"[-11.5, 12.0]",400,"[-17.5, 18.5]",400,37.653525829315186,29.767468690872192
0.9999916096446757,1.5398105151142485,0.7105263157894737,0.6052631578947368,13.311407575215052,150,"[-17.5, 18.0]",400,"[-17.5, 18.5]",400,37.81856322288513,29.765674352645874
0.9999975369091063,1.5626034814624157,0.7368421052631579,0.6052631578947368,13.856716934327386,150,"[-17.5, 18.0]",400,"[-18.0, 18.5]",400,37.97530388832092,29.79068875312805
0.9999978065501328,1.5764281407235698,0.763157894736842,0.6052631578947368,14.39601124156741,150,"[-17.5, 18.0]",400,"[-18.0, 18.5]",400,38.14300012588501,29.83290386199951
0.999895343454067,1.5594512851573537,0.7894736842105263,0.6052631578947368,14.925552144134926,150,"[-12.5, 13.0]",400,"[-18.0, 18.0]",400,36.615702867507935,29.7878155708313
0.999892948661299,1.3625791215470215,0.5,0.631578947368421,9.140639577237273,150,"[-14.5, 15.0]",400,"[-17.5, 18.5]",400,37.927834033966064,29.741406679153442
0.999892948661299,1.3625791215470215,0.5,0.631578947368421,9.140639577237273,150,"[-14.5, 15.0]",400,"[-17.5, 18.5]",400,37.83128595352173,29.990010023117065
0.9998999547239644,1.3943096525661147,0.5263157894736842,0.631578947368421,9.805339589126161,150,"[-14.5, 15.0]",400,"[-18.0, 18.0]",400,36.72031259536743,29.942737102508545
0.9999852713445552,1.375220172038483,0.5526315789473684,0.631578947368421,10.459209512089329,150,"[-11.5, 12.0]",400,"[-18.0, 18.5]",400,37.82912039756775,30.030877351760864
0.9998939219244573,1.4324008103663193,0.5789473684210527,0.631578947368421,11.108650110428215,150,"[-12.0, 12.5]",400,"[-17.5, 18.5]",400,37.752527475357056,30.022939205169678
0.9999979794787353,1.491361241553748,0.6052631578947368,0.631578947368421,11.74495545562285,150,"[-17.5, 18.0]",400,"[-18.0, 18.5]",400,37.918264389038086,30.31204891204834
0.9999212697689023,1.508401575667212,0.631578947368421,0.631578947368421,12.364323138294244,150,"[-16.0, 16.5]",400,"[-18.0, 18.0]",400,36.93921899795532,29.963123321533203
0.9999709231023419,1.478746050224754,0.6578947368421053,0.631578947368421,12.966942788692288,150,"[-11.5, 12.0]",400,"[-18.0, 18.5]",400,37.54508900642395,29.989004611968994
0.9999463293428874,1.5030004932452936,0.6842105263157895,0.631578947368421,13.553219444053742,150,"[-11.5, 12.0]",400,"[-17.5, 18.5]",400,37.74818658828735,29.885846853256226
0.9999976808470785,1.5839871426470626,0.7105263157894737,0.631578947368421,14.147102622044534,150,"[-17.5, 18.0]",400,"[-18.0, 18.5]",400,37.75707507133484,29.874786615371704
0.9999973334086616,1.6046520919124623,0.7368421052631579,0.631578947368421,14.698066369158369,150,"[-17.5, 18.0]",400,"[-18.0, 18.5]",400,37.90580439567566,29.91728115081787
0.999997584562315,1.6186317984980148,0.763157894736842,0.631578947368421,15.243739831286154,150,"[-17.5, 18.0]",400,"[-18.0, 18.5]",400,37.876317739486694,29.916954040527344
0.9998915063938514,1.4116912688077385,0.5,0.6578947368421053,9.862812545489646,150,"[-15.0, 15.5]",400,"[-17.5, 18.5]",400,37.78196334838867,29.927311420440674
0.9998915063938514,1.4116912688077385,0.5,0.6578947368421053,9.862812545489646,150,"[-15.0, 15.5]",400,"[-17.5, 18.5]",400,37.76789736747742,29.928293228149414
0.9998852541468848,1.4423459248113941,0.5263157894736842,0.6578947368421053,10.552485931481067,150,"[-14.5, 15.0]",400,"[-18.0, 18.0]",400,36.72459077835083,29.89360809326172
0.9999834794040436,1.420564246991387,0.5526315789473684,0.6578947368421053,11.228062818846992,150,"[-11.5, 12.0]",400,"[-18.0, 18.5]",400,37.75598096847534,29.92478585243225
0.9998835703922443,1.4774005275552953,0.5789473684210527,0.6578947368421053,11.897016323454078,150,"[-12.0, 12.5]",400,"[-17.5, 18.5]",400,37.93627405166626,29.901641368865967
0.9999977519383132,1.5368868614764022,0.6052631578947368,0.6578947368421053,12.549719795052907,150,"[-17.5, 18.0]",400,"[-18.0, 18.5]",400,37.82851266860962,29.91885757446289
0.999998121348517,1.553157226563476,0.631578947368421,0.6578947368421053,13.182787046538857,150,"[-17.5, 18.0]",400,"[-18.0, 18.0]",400,36.77419710159302,29.82471776008606
0.9999682067431758,1.5214850196005358,0.6578947368421053,0.6578947368421053,13.796561362063219,150,"[-11.5, 12.0]",400,"[-18.0, 18.5]",400,37.752293825149536,29.83768606185913
0.9999447040567251,1.5438080272796717,0.6842105263157895,0.6578947368421053,14.390647735206128,150,"[-11.5, 12.0]",400,"[-17.5, 18.5]",400,37.779584646224976,29.84485673904419
0.9999974351388788,1.6271953987701995,0.7105263157894737,0.6578947368421053,14.99505099218028,150,"[-17.5, 18.0]",400,"[-18.0, 18.5]",400,38.02767062187195,29.809717655181885
0.9999971333621083,1.6455360023129102,0.7368421052631579,0.6578947368421053,15.549302263494267,150,"[-17.5, 18.0]",400,"[-18.0, 18.5]",400,37.754950761795044,29.931143045425415
0.9999398944224284,1.4605890596996087,0.5,0.6842105263157895,10.612734329987557,150,"[-16.5, 17.0]",400,"[-17.5, 18.5]",400,39.096946716308594,29.957659006118774
0.9999398944224284,1.4605890596996087,0.5,0.6842105263157895,10.612734329987557,150,"[-16.5, 17.0]",400,"[-17.5, 18.5]",400,37.93044996261597,29.959998846054077
0.9999251514868631,1.4896963577036209,0.5263157894736842,0.6842105263157895,11.32500996016857,150,"[-16.0, 16.5]",400,"[-18.0, 18.0]",400,36.784019231796265,29.940587043762207
0.9999816348294257,1.4652018735645216,0.5526315789473684,0.6842105263157895,12.01991662561612,150,"[-11.5, 12.0]",400,"[-18.0, 18.5]",400,37.95764970779419,29.93120503425598
0.9998844593365647,1.521466770128588,0.5789473684210527,0.6842105263157895,12.705988997062091,150,"[-12.5, 13.0]",400,"[-17.5, 18.5]",400,37.657432079315186,29.891003847122192
0.9999975173354899,1.5813675429605414,0.6052631578947368,0.6842105263157895,13.372649840103705,150,"[-17.5, 18.0]",400,"[-18.0, 18.5]",400,37.94737505912781,29.923435926437378
0.9999979061539109,1.5972125074089107,0.631578947368421,0.6842105263157895,14.017060451093414,150,"[-17.5, 18.0]",400,"[-18.0, 18.0]",400,36.99431872367859,29.933260202407837
0.999965543049869,1.5633020986639323,0.6578947368421053,0.6842105263157895,14.63971566698101,150,"[-11.5, 12.0]",400,"[-18.0, 18.5]",400,37.93683671951294,29.91440439224243
0.9999436708521025,1.5836233261836026,0.6842105263157895,0.6842105263157895,15.239152383082777,150,"[-11.5, 12.0]",400,"[-17.5, 18.5]",400,37.83766984939575,29.94019889831543
0.999997178450266,1.6693892321923367,0.7105263157894737,0.6842105263157895,15.852313843550327,150,"[-17.5, 18.0]",400,"[-18.0, 18.5]",400,38.06015586853027,29.97421884536743
0.9999931317619287,1.50805345601907,0.5,0.7105263157894737,11.388093105959967,150,"[-17.5, 18.0]",400,"[-17.5, 18.5]",400,37.809327125549316,29.986286163330078
0.9999931317619287,1.50805345601907,0.5,0.7105263157894737,11.388093105959967,150,"[-17.5, 18.0]",400,"[-17.5, 18.5]",400,37.99531674385071,30.083555936813354
0.9999751301429989,1.5361617690470253,0.5263157894736842,0.7105263157894737,12.120362010109229,150,"[-17.0, 17.5]",400,"[-18.0, 18.0]",400,36.688873529434204,29.996177196502686
0.9999797406723748,1.5091113631667719,0.5526315789473684,0.7105263157894737,12.83206193098039,150,"[-11.5, 12.0]",400,"[-18.0, 18.5]",400,37.64141488075256,29.98747158050537
0.999875150322134,1.5646414163500204,0.5789473684210527,0.7105263157894737,13.53273202853539,150,"[-12.5, 13.0]",400,"[-17.5, 18.5]",400,37.706687211990356,29.902524709701538
0.9999972778780319,1.6247665702705547,0.6052631578947368,0.7105263157894737,14.210834182184891,150,"[-17.5, 18.0]",400,"[-18.0, 18.5]",400,38.04420304298401,29.944119691848755
0.9999976816628265,1.6402495990236692,0.631578947368421,0.7105263157894737,14.864199324099884,150,"[-17.5, 18.0]",400,"[-18.0, 18.0]",400,37.071486711502075,29.85509705543518
0.9999629623261777,1.6041910731178546,0.6578947368421053,0.7105263157894737,15.493465550735086,150,"[-11.5, 12.0]",400,"[-18.0, 18.5]",400,37.80553221702576,29.82781457901001
0.9999480859286356,1.622588078081592,0.6842105263157895,0.7105263157894737,16.095817725520348,150,"[-12.0, 12.5]",400,"[-17.5, 18.5]",400,37.927513122558594,29.810281991958618
0.9999922404193344,1.555004804121266,0.5,0.7368421052631579,12.18635613508541,150,"[-17.5, 18.0]",400,"[-17.5, 18.5]",400,37.999645471572876,32.23494863510132
0.9999922404193344,1.555004804121266,0.5,0.7368421052631579,12.18635613508541,150,"[-17.5, 18.0]",400,"[-17.5, 18.5]",400,37.96106672286987,29.979049682617188
0.9999980053124115,1.581666093538583,0.5263157894736842,0.7368421052631579,12.935822319447114,150,"[-17.5, 18.0]",400,"[-18.0, 18.0]",400,36.84583520889282,30.12352466583252
0.999977790718633,1.552230659306112,0.5526315789473684,0.7368421052631579,13.661671003297718,150,"[-11.5, 12.0]",400,"[-18.0, 18.5]",400,37.626729011535645,29.98888087272644
0.9998660795087363,1.606827724715511,0.5789473684210527,0.7368421052631579,14.374336435560902,150,"[-12.5, 13.0]",400,"[-17.5, 18.5]",400,37.629082679748535,29.952693700790405
0.9999970359714361,1.667019138873386,0.6052631578947368,0.7368421052631579,15.061336639720583,150,"[-17.5, 18.0]",400,"[-18.0, 18.5]",400,37.756030797958374,29.92444396018982
0.9999975149041764,1.6822012307649579,0.631578947368421,0.7368421052631579,15.721276542395078,150,"[-17.5, 18.0]",400,"[-18.0, 18.5]",400,38.00629186630249,29.952229499816895
0.999964615406914,1.6446258611358977,0.6578947368421053,0.7368421052631579,16.35492360218863,150,"[-12.0, 12.5]",400,"[-18.0, 18.5]",400,37.78185272216797,29.918803215026855
0.9999912767862374,1.6010532972668285,0.5,0.763157894736842,13.004822442811948,150,"[-17.5, 18.0]",400,"[-17.5, 18.5]",400,37.945754289627075,29.975353956222534
0.9999912767862374,1.6010532972668285,0.5,0.763157894736842,13.004822442811948,150,"[-17.5, 18.0]",400,"[-17.5, 18.5]",400,37.92438554763794,29.904463291168213
0.9999977793876611,1.6260519019830553,0.5263157894736842,0.763157894736842,13.768557064124094,150,"[-17.5, 18.0]",400,"[-18.0, 18.0]",400,36.85907459259033,29.96786880493164
0.9999786429817717,1.5947316630822679,0.5526315789473684,0.763157894736842,14.50585377220657,150,"[-12.0, 12.5]",400,"[-18.0, 18.5]",400,37.82966995239258,29.929922103881836
0.999893788439235,1.6483399204410676,0.5789473684210527,0.763157894736842,15.227875442751236,150,"[-14.0, 14.5]",400,"[-17.5, 18.5]",400,37.960482120513916,30.050646543502808
0.9999967941726737,1.7081505419336114,0.6052631578947368,0.763157894736842,15.92124947653377,150,"[-17.5, 18.0]",400,"[-18.0, 18.5]",400,37.875280141830444,30.072290182113647
0.9999972838985325,1.7230609600213809,0.631578947368421,0.763157894736842,16.58543141648045,150,"[-17.5, 18.0]",400,"[-18.0, 18.5]",400,37.91691327095032,30.073046922683716
0.9999974493685683,1.646315815948903,0.5,0.7894736842105263,13.840677995458934,150,"[-17.5, 18.0]",400,"[-18.0, 18.5]",400,37.926623821258545,30.066128969192505
0.9999974493685683,1.646315815948903,0.5,0.7894736842105263,13.840677995458934,150,"[-17.5, 18.0]",400,"[-18.0, 18.5]",400,37.91777801513672,30.064453125
0.9999976095238571,1.6694048631128307,0.5263157894736842,0.7894736842105263,14.615674745054804,150,"[-17.5, 18.0]",400,"[-18.0, 18.5]",400,38.17881178855896,30.068123817443848
0.9999767920654343,1.6361833099690468,0.5526315789473684,0.7894736842105263,15.361712584100514,150,"[-12.0, 12.5]",400,"[-18.0, 18.5]",400,37.8575005531311,30.144331693649292
0.9999002182319469,1.6883172473892216,0.5789473684210527,0.7894736842105263,16.09045639655159,150,"[-14.5, 15.0]",400,"[-17.5, 18.5]",400,37.75816488265991,30.142126083374023
0.9999965551363087,1.7481359619893435,0.6052631578947368,0.7894736842105263,16.787742077705186,150,"[-17.5, 18.0]",400,"[-18.0, 18.5]",400,37.82509088516235,29.96275019645691
0.9999971519658836,1.6904763493424246,0.5,0.8157894736842105,14.691051143073894,150,"[-17.5, 18.0]",400,"[-18.0, 18.5]",400,37.87753415107727,29.976972818374634
0.9999971519658836,1.6904763493424246,0.5,0.8157894736842105,14.691051143073894,150,"[-17.5, 18.0]",400,"[-18.0, 18.5]",400,37.859692335128784,29.97344970703125
0.9999973727112106,1.711685722942956,0.5263157894736842,0.8157894736842105,15.4742807876436,150,"[-17.5, 18.0]",400,"[-18.0, 18.5]",400,37.852317571640015,29.948017597198486
0.9999748119619295,1.676796201783489,0.5526315789473684,0.8157894736842105,16.22639343039718,150,"[-12.0, 12.5]",400,"[-18.0, 18.5]",400,37.57826805114746,29.99607491493225
0.9998951836778132,1.7275028727470778,0.5789473684210527,0.8157894736842105,16.95926795078508,150,"[-14.5, 15.0]",400,"[-17.5, 18.5]",400,37.67197608947754,30.04592776298523
0.9999968360959017,1.7336436612461834,0.5,0.8421052631578947,15.553066259077145,150,"[-17.5, 18.0]",400,"[-18.0, 18.5]",400,37.985416412353516,30.123847484588623
0.9999968360959017,1.7336436612461834,0.5,0.8421052631578947,15.553066259077145,150,"[-17.5, 18.0]",400,"[-18.0, 18.5]",400,37.93576145172119,30.114502906799316
0.9999971284052945,1.7529208727138843,0.5263157894736842,0.8421052631578947,16.34152848871648,150,"[-17.5, 18.0]",400,"[-18.0, 18.5]",400,38.017245292663574,30.070114612579346
0.9999726471006284,1.7166094324152892,0.5526315789473684,0.8421052631578947,17.097132114569757,150,"[-12.0, 12.5]",400,"[-18.0, 18.5]",400,37.58566927909851,30.110907077789307
0.9999965023749754,1.7758150740706966,0.5,0.868421052631579,16.423893785180464,150,"[-17.5, 18.0]",400,"[-18.0, 18.5]",400,38.05824422836304,29.9460871219635
0.9999965023749754,1.7758150740706966,0.5,0.868421052631579,16.423893785180464,150,"[-17.5, 18.0]",400,"[-18.0, 18.5]",400,38.124887466430664,29.948867321014404
0.9999968776878119,1.7930628803551931,0.5263157894736842,0.868421052631579,17.21466480659923,150,"[-17.5, 18.0]",400,"[-18.0, 18.5]",400,38.078203201293945,29.966708660125732
0.9999961516117469,1.8169520165219595,0.5,0.8947368421052632,17.30079524609631,150,"[-17.5, 18.0]",400,"[-18.0, 18.5]",400,38.25456094741821,29.955331563949585
0.9999961516117469,1.8169520165219595,0.5,0.8947368421052632,17.30079524609631,150,"[-17.5, 18.0]",400,"[-18.0, 18.5]",400,37.781110763549805,29.928900003433228
